# Blender 4.4.3
# www.blender.org
o Torus
v 0.000000 0.800000 0.000000
v 0.000000 0.793185 0.051764
v 0.000000 0.773205 0.100000
v 0.000000 0.741421 0.141421
v 0.000000 0.700000 0.173205
v 0.000000 0.651764 0.193185
v 0.000000 0.600000 0.200000
v 0.000000 0.548236 0.193185
v 0.000000 0.500000 0.173205
v 0.000000 0.458579 0.141421
v 0.000000 0.426795 0.100000
v 0.000000 0.406815 0.051764
v 0.000000 0.400000 0.000000
v 0.000000 0.406815 -0.051764
v 0.000000 0.426795 -0.100000
v 0.000000 0.458579 -0.141421
v 0.000000 0.500000 -0.173205
v 0.000000 0.548236 -0.193185
v 0.000000 0.600000 -0.200000
v 0.000000 0.651764 -0.193185
v 0.000000 0.700000 -0.173205
v 0.000000 0.741421 -0.141421
v 0.000000 0.773205 -0.100000
v 0.000000 0.793185 -0.051764
v -0.104421 0.793156 0.000000
v -0.103531 0.786399 0.051764
v -0.100924 0.766590 0.100000
v -0.096775 0.735078 0.141421
v -0.091368 0.694011 0.173205
v -0.085072 0.646188 0.193185
v -0.078316 0.594867 0.200000
v -0.071559 0.543546 0.193185
v -0.065263 0.495722 0.173205
v -0.059857 0.454655 0.141421
v -0.055708 0.423144 0.100000
v -0.053100 0.403334 0.051764
v -0.052210 0.396578 0.000000
v -0.053100 0.403334 -0.051764
v -0.055708 0.423144 -0.100000
v -0.059857 0.454655 -0.141421
v -0.065263 0.495722 -0.173205
v -0.071559 0.543546 -0.193185
v -0.078316 0.594867 -0.200000
v -0.085072 0.646188 -0.193185
v -0.091368 0.694011 -0.173205
v -0.096775 0.735078 -0.141421
v -0.100924 0.766590 -0.100000
v -0.103531 0.786399 -0.051764
v -0.207055 0.772741 0.000000
v -0.205291 0.766158 0.051764
v -0.200120 0.746859 0.100000
v -0.191894 0.716158 0.141421
v -0.181173 0.676148 0.173205
v -0.168689 0.629556 0.193185
v -0.155291 0.579556 0.200000
v -0.141894 0.529555 0.193185
v -0.129409 0.482963 0.173205
v -0.118689 0.442953 0.141421
v -0.110463 0.412252 0.100000
v -0.105291 0.392953 0.051764
v -0.103528 0.386370 0.000000
v -0.105291 0.392953 -0.051764
v -0.110463 0.412252 -0.100000
v -0.118689 0.442953 -0.141421
v -0.129409 0.482963 -0.173205
v -0.141894 0.529555 -0.193185
v -0.155291 0.579556 -0.200000
v -0.168689 0.629556 -0.193185
v -0.181173 0.676148 -0.173205
v -0.191894 0.716158 -0.141421
v -0.200120 0.746859 -0.100000
v -0.205291 0.766158 -0.051764
v -0.306147 0.739104 0.000000
v -0.303539 0.732808 0.051764
v -0.295893 0.714348 0.100000
v -0.283730 0.684984 0.141421
v -0.267878 0.646716 0.173205
v -0.249419 0.602151 0.193185
v -0.229610 0.554328 0.200000
v -0.209801 0.506504 0.193185
v -0.191342 0.461940 0.173205
v -0.175490 0.423671 0.141421
v -0.163327 0.394307 0.100000
v -0.155681 0.375848 0.051764
v -0.153073 0.369552 0.000000
v -0.155681 0.375848 -0.051764
v -0.163327 0.394307 -0.100000
v -0.175490 0.423671 -0.141421
v -0.191342 0.461940 -0.173205
v -0.209801 0.506504 -0.193185
v -0.229610 0.554328 -0.200000
v -0.249419 0.602151 -0.193185
v -0.267878 0.646716 -0.173205
v -0.283730 0.684984 -0.141421
v -0.295893 0.714348 -0.100000
v -0.303539 0.732808 -0.051764
v -0.400000 0.692820 0.000000
v -0.396593 0.686918 0.051764
v -0.386603 0.669615 0.100000
v -0.370711 0.642090 0.141421
v -0.350000 0.606218 0.173205
v -0.325882 0.564444 0.193185
v -0.300000 0.519615 0.200000
v -0.274118 0.474786 0.193185
v -0.250000 0.433013 0.173205
v -0.229289 0.397141 0.141421
v -0.213398 0.369615 0.100000
v -0.203407 0.352312 0.051764
v -0.200000 0.346410 0.000000
v -0.203407 0.352312 -0.051764
v -0.213398 0.369615 -0.100000
v -0.229289 0.397141 -0.141421
v -0.250000 0.433013 -0.173205
v -0.274118 0.474786 -0.193185
v -0.300000 0.519615 -0.200000
v -0.325882 0.564444 -0.193185
v -0.350000 0.606218 -0.173205
v -0.370711 0.642090 -0.141421
v -0.386603 0.669615 -0.100000
v -0.396593 0.686918 -0.051764
v -0.487009 0.634683 0.000000
v -0.482860 0.629276 0.051764
v -0.470697 0.613425 0.100000
v -0.451349 0.588209 0.141421
v -0.426133 0.555347 0.173205
v -0.396769 0.517079 0.193185
v -0.365257 0.476012 0.200000
v -0.333745 0.434945 0.193185
v -0.304381 0.396677 0.173205
v -0.279165 0.363815 0.141421
v -0.259816 0.338599 0.100000
v -0.247653 0.322748 0.051764
v -0.243505 0.317341 0.000000
v -0.247653 0.322748 -0.051764
v -0.259816 0.338599 -0.100000
v -0.279165 0.363815 -0.141421
v -0.304381 0.396677 -0.173205
v -0.333745 0.434945 -0.193185
v -0.365257 0.476012 -0.200000
v -0.396769 0.517079 -0.193185
v -0.426133 0.555347 -0.173205
v -0.451349 0.588209 -0.141421
v -0.470697 0.613425 -0.100000
v -0.482860 0.629276 -0.051764
v -0.565685 0.565685 0.000000
v -0.560867 0.560867 0.051764
v -0.546739 0.546739 0.100000
v -0.524264 0.524264 0.141421
v -0.494975 0.494975 0.173205
v -0.460867 0.460867 0.193185
v -0.424264 0.424264 0.200000
v -0.387662 0.387661 0.193185
v -0.353553 0.353553 0.173205
v -0.324264 0.324264 0.141421
v -0.301790 0.301790 0.100000
v -0.287662 0.287661 0.051764
v -0.282843 0.282843 0.000000
v -0.287662 0.287661 -0.051764
v -0.301790 0.301790 -0.100000
v -0.324264 0.324264 -0.141421
v -0.353553 0.353553 -0.173205
v -0.387662 0.387661 -0.193185
v -0.424264 0.424264 -0.200000
v -0.460867 0.460867 -0.193185
v -0.494975 0.494975 -0.173205
v -0.524264 0.524264 -0.141421
v -0.546739 0.546739 -0.100000
v -0.560867 0.560867 -0.051764
v -0.634683 0.487009 0.000000
v -0.629276 0.482861 0.051764
v -0.613425 0.470698 0.100000
v -0.588209 0.451349 0.141421
v -0.555347 0.426133 0.173205
v -0.517079 0.396769 0.193185
v -0.476012 0.365257 0.200000
v -0.434945 0.333745 0.193185
v -0.396677 0.304381 0.173205
v -0.363815 0.279165 0.141421
v -0.338599 0.259816 0.100000
v -0.322748 0.247653 0.051764
v -0.317341 0.243505 0.000000
v -0.322748 0.247653 -0.051764
v -0.338599 0.259816 -0.100000
v -0.363815 0.279165 -0.141421
v -0.396677 0.304381 -0.173205
v -0.434945 0.333745 -0.193185
v -0.476012 0.365257 -0.200000
v -0.517079 0.396769 -0.193185
v -0.555347 0.426133 -0.173205
v -0.588209 0.451349 -0.141421
v -0.613425 0.470698 -0.100000
v -0.629276 0.482861 -0.051764
v -0.692820 0.400000 0.000000
v -0.686919 0.396593 0.051764
v -0.669615 0.386603 0.100000
v -0.642090 0.370711 0.141421
v -0.606218 0.350000 0.173205
v -0.564444 0.325882 0.193185
v -0.519615 0.300000 0.200000
v -0.474786 0.274118 0.193185
v -0.433013 0.250000 0.173205
v -0.397141 0.229289 0.141421
v -0.369615 0.213397 0.100000
v -0.352312 0.203407 0.051764
v -0.346410 0.200000 0.000000
v -0.352312 0.203407 -0.051764
v -0.369615 0.213397 -0.100000
v -0.397141 0.229289 -0.141421
v -0.433013 0.250000 -0.173205
v -0.474786 0.274118 -0.193185
v -0.519615 0.300000 -0.200000
v -0.564444 0.325882 -0.193185
v -0.606218 0.350000 -0.173205
v -0.642090 0.370711 -0.141421
v -0.669615 0.386603 -0.100000
v -0.686919 0.396593 -0.051764
v -0.739104 0.306147 0.000000
v -0.732807 0.303539 0.051764
v -0.714348 0.295893 0.100000
v -0.684984 0.283730 0.141421
v -0.646716 0.267879 0.173205
v -0.602151 0.249419 0.193185
v -0.554328 0.229610 0.200000
v -0.506504 0.209801 0.193185
v -0.461940 0.191342 0.173205
v -0.423671 0.175491 0.141421
v -0.394307 0.163327 0.100000
v -0.375848 0.155681 0.051764
v -0.369552 0.153073 0.000000
v -0.375848 0.155681 -0.051764
v -0.394307 0.163327 -0.100000
v -0.423671 0.175491 -0.141421
v -0.461940 0.191342 -0.173205
v -0.506504 0.209801 -0.193185
v -0.554328 0.229610 -0.200000
v -0.602151 0.249419 -0.193185
v -0.646716 0.267879 -0.173205
v -0.684984 0.283730 -0.141421
v -0.714348 0.295893 -0.100000
v -0.732807 0.303539 -0.051764
v -0.772741 0.207055 0.000000
v -0.766158 0.205291 0.051764
v -0.746859 0.200120 0.100000
v -0.716158 0.191894 0.141421
v -0.676148 0.181173 0.173205
v -0.629556 0.168689 0.193185
v -0.579556 0.155291 0.200000
v -0.529555 0.141894 0.193185
v -0.482963 0.129410 0.173205
v -0.442953 0.118689 0.141421
v -0.412252 0.110463 0.100000
v -0.392953 0.105291 0.051764
v -0.386370 0.103528 0.000000
v -0.392953 0.105291 -0.051764
v -0.412252 0.110463 -0.100000
v -0.442953 0.118689 -0.141421
v -0.482963 0.129410 -0.173205
v -0.529555 0.141894 -0.193185
v -0.579556 0.155291 -0.200000
v -0.629556 0.168689 -0.193185
v -0.676148 0.181173 -0.173205
v -0.716158 0.191894 -0.141421
v -0.746859 0.200120 -0.100000
v -0.766158 0.205291 -0.051764
v -0.793156 0.104421 0.000000
v -0.786399 0.103531 0.051764
v -0.766590 0.100923 0.100000
v -0.735078 0.096775 0.141421
v -0.694011 0.091368 0.173205
v -0.646188 0.085072 0.193185
v -0.594867 0.078316 0.200000
v -0.543546 0.071559 0.193185
v -0.495722 0.065263 0.173205
v -0.454655 0.059856 0.141421
v -0.423144 0.055708 0.100000
v -0.403334 0.053100 0.051764
v -0.396578 0.052210 0.000000
v -0.403334 0.053100 -0.051764
v -0.423144 0.055708 -0.100000
v -0.454655 0.059856 -0.141421
v -0.495722 0.065263 -0.173205
v -0.543546 0.071559 -0.193185
v -0.594867 0.078316 -0.200000
v -0.646188 0.085072 -0.193185
v -0.694011 0.091368 -0.173205
v -0.735078 0.096775 -0.141421
v -0.766590 0.100923 -0.100000
v -0.786399 0.103531 -0.051764
v -0.800000 0.000000 0.000000
v -0.793185 0.000000 0.051764
v -0.773205 0.000000 0.100000
v -0.741421 0.000000 0.141421
v -0.700000 0.000000 0.173205
v -0.651764 0.000000 0.193185
v -0.600000 0.000000 0.200000
v -0.548236 0.000000 0.193185
v -0.500000 0.000000 0.173205
v -0.458579 0.000000 0.141421
v -0.426795 0.000000 0.100000
v -0.406815 0.000000 0.051764
v -0.400000 0.000000 0.000000
v -0.406815 0.000000 -0.051764
v -0.426795 0.000000 -0.100000
v -0.458579 0.000000 -0.141421
v -0.500000 0.000000 -0.173205
v -0.548236 0.000000 -0.193185
v -0.600000 0.000000 -0.200000
v -0.651764 0.000000 -0.193185
v -0.700000 0.000000 -0.173205
v -0.741421 0.000000 -0.141421
v -0.773205 0.000000 -0.100000
v -0.793185 0.000000 -0.051764
v -0.793156 -0.104421 0.000000
v -0.786399 -0.103532 0.051764
v -0.766590 -0.100924 0.100000
v -0.735078 -0.096775 0.141421
v -0.694011 -0.091368 0.173205
v -0.646188 -0.085072 0.193185
v -0.594867 -0.078316 0.200000
v -0.543546 -0.071559 0.193185
v -0.495722 -0.065263 0.173205
v -0.454655 -0.059857 0.141421
v -0.423144 -0.055708 0.100000
v -0.403334 -0.053100 0.051764
v -0.396578 -0.052211 0.000000
v -0.403334 -0.053100 -0.051764
v -0.423144 -0.055708 -0.100000
v -0.454655 -0.059857 -0.141421
v -0.495722 -0.065263 -0.173205
v -0.543546 -0.071559 -0.193185
v -0.594867 -0.078316 -0.200000
v -0.646188 -0.085072 -0.193185
v -0.694011 -0.091368 -0.173205
v -0.735078 -0.096775 -0.141421
v -0.766590 -0.100924 -0.100000
v -0.786399 -0.103532 -0.051764
v -0.772741 -0.207055 0.000000
v -0.766158 -0.205291 0.051764
v -0.746859 -0.200120 0.100000
v -0.716158 -0.191894 0.141421
v -0.676148 -0.181173 0.173205
v -0.629556 -0.168689 0.193185
v -0.579556 -0.155291 0.200000
v -0.529555 -0.141894 0.193185
v -0.482963 -0.129409 0.173205
v -0.442953 -0.118689 0.141421
v -0.412252 -0.110463 0.100000
v -0.392953 -0.105291 0.051764
v -0.386370 -0.103528 0.000000
v -0.392953 -0.105291 -0.051764
v -0.412252 -0.110463 -0.100000
v -0.442953 -0.118689 -0.141421
v -0.482963 -0.129409 -0.173205
v -0.529555 -0.141894 -0.193185
v -0.579556 -0.155291 -0.200000
v -0.629556 -0.168689 -0.193185
v -0.676148 -0.181173 -0.173205
v -0.716158 -0.191894 -0.141421
v -0.746859 -0.200120 -0.100000
v -0.766158 -0.205291 -0.051764
v -0.739104 -0.306147 0.000000
v -0.732808 -0.303539 0.051764
v -0.714348 -0.295893 0.100000
v -0.684984 -0.283730 0.141421
v -0.646716 -0.267878 0.173205
v -0.602151 -0.249419 0.193185
v -0.554328 -0.229610 0.200000
v -0.506504 -0.209801 0.193185
v -0.461940 -0.191342 0.173205
v -0.423671 -0.175490 0.141421
v -0.394307 -0.163327 0.100000
v -0.375848 -0.155681 0.051764
v -0.369552 -0.153073 0.000000
v -0.375848 -0.155681 -0.051764
v -0.394307 -0.163327 -0.100000
v -0.423671 -0.175490 -0.141421
v -0.461940 -0.191342 -0.173205
v -0.506504 -0.209801 -0.193185
v -0.554328 -0.229610 -0.200000
v -0.602151 -0.249419 -0.193185
v -0.646716 -0.267878 -0.173205
v -0.684984 -0.283730 -0.141421
v -0.714348 -0.295893 -0.100000
v -0.732808 -0.303539 -0.051764
v -0.692820 -0.400000 0.000000
v -0.686919 -0.396592 0.051764
v -0.669615 -0.386602 0.100000
v -0.642090 -0.370711 0.141421
v -0.606218 -0.350000 0.173205
v -0.564444 -0.325882 0.193185
v -0.519615 -0.300000 0.200000
v -0.474787 -0.274118 0.193185
v -0.433013 -0.250000 0.173205
v -0.397141 -0.229289 0.141421
v -0.369615 -0.213397 0.100000
v -0.352312 -0.203407 0.051764
v -0.346410 -0.200000 0.000000
v -0.352312 -0.203407 -0.051764
v -0.369615 -0.213397 -0.100000
v -0.397141 -0.229289 -0.141421
v -0.433013 -0.250000 -0.173205
v -0.474787 -0.274118 -0.193185
v -0.519615 -0.300000 -0.200000
v -0.564444 -0.325882 -0.193185
v -0.606218 -0.350000 -0.173205
v -0.642090 -0.370711 -0.141421
v -0.669615 -0.386602 -0.100000
v -0.686919 -0.396592 -0.051764
v -0.634683 -0.487009 0.000000
v -0.629276 -0.482861 0.051764
v -0.613425 -0.470697 0.100000
v -0.588209 -0.451349 0.141421
v -0.555347 -0.426133 0.173205
v -0.517079 -0.396769 0.193185
v -0.476012 -0.365257 0.200000
v -0.434945 -0.333745 0.193185
v -0.396677 -0.304381 0.173205
v -0.363815 -0.279165 0.141421
v -0.338599 -0.259816 0.100000
v -0.322748 -0.247653 0.051764
v -0.317341 -0.243505 0.000000
v -0.322748 -0.247653 -0.051764
v -0.338599 -0.259816 -0.100000
v -0.363815 -0.279165 -0.141421
v -0.396677 -0.304381 -0.173205
v -0.434945 -0.333745 -0.193185
v -0.476012 -0.365257 -0.200000
v -0.517079 -0.396769 -0.193185
v -0.555347 -0.426133 -0.173205
v -0.588209 -0.451349 -0.141421
v -0.613425 -0.470697 -0.100000
v -0.629276 -0.482861 -0.051764
v -0.565685 -0.565686 0.000000
v -0.560866 -0.560867 0.051764
v -0.546738 -0.546739 0.100000
v -0.524264 -0.524264 0.141421
v -0.494975 -0.494975 0.173205
v -0.460867 -0.460867 0.193185
v -0.424264 -0.424264 0.200000
v -0.387661 -0.387662 0.193185
v -0.353553 -0.353553 0.173205
v -0.324264 -0.324264 0.141421
v -0.301790 -0.301790 0.100000
v -0.287661 -0.287662 0.051764
v -0.282843 -0.282843 0.000000
v -0.287661 -0.287662 -0.051764
v -0.301790 -0.301790 -0.100000
v -0.324264 -0.324264 -0.141421
v -0.353553 -0.353553 -0.173205
v -0.387661 -0.387662 -0.193185
v -0.424264 -0.424264 -0.200000
v -0.460867 -0.460867 -0.193185
v -0.494975 -0.494975 -0.173205
v -0.524264 -0.524264 -0.141421
v -0.546738 -0.546739 -0.100000
v -0.560866 -0.560867 -0.051764
v -0.487009 -0.634683 0.000000
v -0.482861 -0.629276 0.051764
v -0.470697 -0.613425 0.100000
v -0.451349 -0.588209 0.141421
v -0.426133 -0.555347 0.173205
v -0.396769 -0.517079 0.193185
v -0.365257 -0.476012 0.200000
v -0.333745 -0.434945 0.193185
v -0.304381 -0.396677 0.173205
v -0.279165 -0.363815 0.141421
v -0.259816 -0.338599 0.100000
v -0.247653 -0.322748 0.051764
v -0.243505 -0.317341 0.000000
v -0.247653 -0.322748 -0.051764
v -0.259816 -0.338599 -0.100000
v -0.279165 -0.363815 -0.141421
v -0.304381 -0.396677 -0.173205
v -0.333745 -0.434945 -0.193185
v -0.365257 -0.476012 -0.200000
v -0.396769 -0.517079 -0.193185
v -0.426133 -0.555347 -0.173205
v -0.451349 -0.588209 -0.141421
v -0.470697 -0.613425 -0.100000
v -0.482861 -0.629276 -0.051764
v -0.400000 -0.692820 0.000000
v -0.396593 -0.686918 0.051764
v -0.386603 -0.669615 0.100000
v -0.370711 -0.642090 0.141421
v -0.350000 -0.606218 0.173205
v -0.325882 -0.564444 0.193185
v -0.300000 -0.519615 0.200000
v -0.274118 -0.474786 0.193185
v -0.250000 -0.433013 0.173205
v -0.229289 -0.397141 0.141421
v -0.213398 -0.369615 0.100000
v -0.203408 -0.352312 0.051764
v -0.200000 -0.346410 0.000000
v -0.203408 -0.352312 -0.051764
v -0.213398 -0.369615 -0.100000
v -0.229289 -0.397141 -0.141421
v -0.250000 -0.433013 -0.173205
v -0.274118 -0.474786 -0.193185
v -0.300000 -0.519615 -0.200000
v -0.325882 -0.564444 -0.193185
v -0.350000 -0.606218 -0.173205
v -0.370711 -0.642090 -0.141421
v -0.386603 -0.669615 -0.100000
v -0.396593 -0.686918 -0.051764
v -0.306147 -0.739104 0.000000
v -0.303539 -0.732808 0.051764
v -0.295893 -0.714348 0.100000
v -0.283730 -0.684984 0.141421
v -0.267878 -0.646716 0.173205
v -0.249419 -0.602151 0.193185
v -0.229610 -0.554328 0.200000
v -0.209801 -0.506504 0.193185
v -0.191342 -0.461940 0.173205
v -0.175490 -0.423671 0.141421
v -0.163327 -0.394307 0.100000
v -0.155681 -0.375848 0.051764
v -0.153073 -0.369552 0.000000
v -0.155681 -0.375848 -0.051764
v -0.163327 -0.394307 -0.100000
v -0.175490 -0.423671 -0.141421
v -0.191342 -0.461940 -0.173205
v -0.209801 -0.506504 -0.193185
v -0.229610 -0.554328 -0.200000
v -0.249419 -0.602151 -0.193185
v -0.267878 -0.646716 -0.173205
v -0.283730 -0.684984 -0.141421
v -0.295893 -0.714348 -0.100000
v -0.303539 -0.732808 -0.051764
v -0.207055 -0.772741 0.000000
v -0.205291 -0.766158 0.051764
v -0.200120 -0.746859 0.100000
v -0.191894 -0.716158 0.141421
v -0.181173 -0.676148 0.173205
v -0.168689 -0.629556 0.193185
v -0.155291 -0.579556 0.200000
v -0.141894 -0.529555 0.193185
v -0.129409 -0.482963 0.173205
v -0.118689 -0.442953 0.141421
v -0.110463 -0.412252 0.100000
v -0.105291 -0.392953 0.051764
v -0.103528 -0.386370 0.000000
v -0.105291 -0.392953 -0.051764
v -0.110463 -0.412252 -0.100000
v -0.118689 -0.442953 -0.141421
v -0.129409 -0.482963 -0.173205
v -0.141894 -0.529555 -0.193185
v -0.155291 -0.579556 -0.200000
v -0.168689 -0.629556 -0.193185
v -0.181173 -0.676148 -0.173205
v -0.191894 -0.716158 -0.141421
v -0.200120 -0.746859 -0.100000
v -0.205291 -0.766158 -0.051764
v -0.104421 -0.793156 0.000000
v -0.103532 -0.786399 0.051764
v -0.100924 -0.766590 0.100000
v -0.096775 -0.735078 0.141421
v -0.091368 -0.694011 0.173205
v -0.085072 -0.646188 0.193185
v -0.078316 -0.594867 0.200000
v -0.071559 -0.543546 0.193185
v -0.065263 -0.495722 0.173205
v -0.059857 -0.454655 0.141421
v -0.055708 -0.423144 0.100000
v -0.053100 -0.403334 0.051764
v -0.052211 -0.396578 0.000000
v -0.053100 -0.403334 -0.051764
v -0.055708 -0.423144 -0.100000
v -0.059857 -0.454655 -0.141421
v -0.065263 -0.495722 -0.173205
v -0.071559 -0.543546 -0.193185
v -0.078316 -0.594867 -0.200000
v -0.085072 -0.646188 -0.193185
v -0.091368 -0.694011 -0.173205
v -0.096775 -0.735078 -0.141421
v -0.100924 -0.766590 -0.100000
v -0.103532 -0.786399 -0.051764
v -0.000000 -0.800000 0.000000
v -0.000000 -0.793185 0.051764
v -0.000000 -0.773205 0.100000
v -0.000000 -0.741421 0.141421
v -0.000000 -0.700000 0.173205
v -0.000000 -0.651764 0.193185
v -0.000000 -0.600000 0.200000
v -0.000000 -0.548236 0.193185
v -0.000000 -0.500000 0.173205
v -0.000000 -0.458579 0.141421
v -0.000000 -0.426795 0.100000
v -0.000000 -0.406815 0.051764
v -0.000000 -0.400000 0.000000
v -0.000000 -0.406815 -0.051764
v -0.000000 -0.426795 -0.100000
v -0.000000 -0.458579 -0.141421
v -0.000000 -0.500000 -0.173205
v -0.000000 -0.548236 -0.193185
v -0.000000 -0.600000 -0.200000
v -0.000000 -0.651764 -0.193185
v -0.000000 -0.700000 -0.173205
v -0.000000 -0.741421 -0.141421
v -0.000000 -0.773205 -0.100000
v -0.000000 -0.793185 -0.051764
v 0.104421 -0.793156 0.000000
v 0.103532 -0.786399 0.051764
v 0.100924 -0.766590 0.100000
v 0.096775 -0.735078 0.141421
v 0.091368 -0.694011 0.173205
v 0.085072 -0.646188 0.193185
v 0.078316 -0.594867 0.200000
v 0.071559 -0.543546 0.193185
v 0.065263 -0.495722 0.173205
v 0.059857 -0.454655 0.141421
v 0.055708 -0.423144 0.100000
v 0.053100 -0.403334 0.051764
v 0.052211 -0.396578 0.000000
v 0.053100 -0.403334 -0.051764
v 0.055708 -0.423144 -0.100000
v 0.059857 -0.454655 -0.141421
v 0.065263 -0.495722 -0.173205
v 0.071559 -0.543546 -0.193185
v 0.078316 -0.594867 -0.200000
v 0.085072 -0.646188 -0.193185
v 0.091368 -0.694011 -0.173205
v 0.096775 -0.735078 -0.141421
v 0.100924 -0.766590 -0.100000
v 0.103532 -0.786399 -0.051764
v 0.207055 -0.772741 0.000000
v 0.205291 -0.766158 0.051764
v 0.200120 -0.746859 0.100000
v 0.191894 -0.716158 0.141421
v 0.181173 -0.676148 0.173205
v 0.168689 -0.629556 0.193185
v 0.155291 -0.579556 0.200000
v 0.141894 -0.529555 0.193185
v 0.129409 -0.482963 0.173205
v 0.118689 -0.442953 0.141421
v 0.110463 -0.412252 0.100000
v 0.105291 -0.392953 0.051764
v 0.103528 -0.386370 0.000000
v 0.105291 -0.392953 -0.051764
v 0.110463 -0.412252 -0.100000
v 0.118689 -0.442953 -0.141421
v 0.129409 -0.482963 -0.173205
v 0.141894 -0.529555 -0.193185
v 0.155291 -0.579556 -0.200000
v 0.168689 -0.629556 -0.193185
v 0.181173 -0.676148 -0.173205
v 0.191894 -0.716158 -0.141421
v 0.200120 -0.746859 -0.100000
v 0.205291 -0.766158 -0.051764
v 0.306146 -0.739104 0.000000
v 0.303539 -0.732808 0.051764
v 0.295893 -0.714348 0.100000
v 0.283729 -0.684984 0.141421
v 0.267878 -0.646716 0.173205
v 0.249419 -0.602151 0.193185
v 0.229610 -0.554328 0.200000
v 0.209801 -0.506504 0.193185
v 0.191342 -0.461940 0.173205
v 0.175490 -0.423672 0.141421
v 0.163327 -0.394307 0.100000
v 0.155681 -0.375848 0.051764
v 0.153073 -0.369552 0.000000
v 0.155681 -0.375848 -0.051764
v 0.163327 -0.394307 -0.100000
v 0.175490 -0.423672 -0.141421
v 0.191342 -0.461940 -0.173205
v 0.209801 -0.506504 -0.193185
v 0.229610 -0.554328 -0.200000
v 0.249419 -0.602151 -0.193185
v 0.267878 -0.646716 -0.173205
v 0.283729 -0.684984 -0.141421
v 0.295893 -0.714348 -0.100000
v 0.303539 -0.732808 -0.051764
v 0.400000 -0.692820 0.000000
v 0.396592 -0.686919 0.051764
v 0.386602 -0.669615 0.100000
v 0.370711 -0.642090 0.141421
v 0.350000 -0.606218 0.173205
v 0.325882 -0.564444 0.193185
v 0.300000 -0.519615 0.200000
v 0.274118 -0.474787 0.193185
v 0.250000 -0.433013 0.173205
v 0.229289 -0.397141 0.141421
v 0.213397 -0.369615 0.100000
v 0.203407 -0.352312 0.051764
v 0.200000 -0.346410 0.000000
v 0.203407 -0.352312 -0.051764
v 0.213397 -0.369615 -0.100000
v 0.229289 -0.397141 -0.141421
v 0.250000 -0.433013 -0.173205
v 0.274118 -0.474787 -0.193185
v 0.300000 -0.519615 -0.200000
v 0.325882 -0.564444 -0.193185
v 0.350000 -0.606218 -0.173205
v 0.370711 -0.642090 -0.141421
v 0.386602 -0.669615 -0.100000
v 0.396592 -0.686919 -0.051764
v 0.487009 -0.634683 0.000000
v 0.482861 -0.629276 0.051764
v 0.470697 -0.613425 0.100000
v 0.451349 -0.588209 0.141421
v 0.426133 -0.555347 0.173205
v 0.396769 -0.517079 0.193185
v 0.365257 -0.476012 0.200000
v 0.333745 -0.434945 0.193185
v 0.304381 -0.396677 0.173205
v 0.279165 -0.363815 0.141421
v 0.259816 -0.338599 0.100000
v 0.247653 -0.322748 0.051764
v 0.243505 -0.317341 0.000000
v 0.247653 -0.322748 -0.051764
v 0.259816 -0.338599 -0.100000
v 0.279165 -0.363815 -0.141421
v 0.304381 -0.396677 -0.173205
v 0.333745 -0.434945 -0.193185
v 0.365257 -0.476012 -0.200000
v 0.396769 -0.517079 -0.193185
v 0.426133 -0.555347 -0.173205
v 0.451349 -0.588209 -0.141421
v 0.470697 -0.613425 -0.100000
v 0.482861 -0.629276 -0.051764
v 0.565685 -0.565686 0.000000
v 0.560866 -0.560867 0.051764
v 0.546738 -0.546739 0.100000
v 0.524264 -0.524264 0.141421
v 0.494975 -0.494975 0.173205
v 0.460867 -0.460867 0.193185
v 0.424264 -0.424264 0.200000
v 0.387661 -0.387662 0.193185
v 0.353553 -0.353553 0.173205
v 0.324264 -0.324264 0.141421
v 0.301790 -0.301790 0.100000
v 0.287661 -0.287662 0.051764
v 0.282843 -0.282843 0.000000
v 0.287661 -0.287662 -0.051764
v 0.301790 -0.301790 -0.100000
v 0.324264 -0.324264 -0.141421
v 0.353553 -0.353553 -0.173205
v 0.387661 -0.387662 -0.193185
v 0.424264 -0.424264 -0.200000
v 0.460867 -0.460867 -0.193185
v 0.494975 -0.494975 -0.173205
v 0.524264 -0.524264 -0.141421
v 0.546738 -0.546739 -0.100000
v 0.560866 -0.560867 -0.051764
v 0.634682 -0.487009 0.000000
v 0.629276 -0.482861 0.051764
v 0.613425 -0.470698 0.100000
v 0.588209 -0.451349 0.141421
v 0.555347 -0.426133 0.173205
v 0.517079 -0.396769 0.193185
v 0.476012 -0.365257 0.200000
v 0.434945 -0.333745 0.193185
v 0.396677 -0.304381 0.173205
v 0.363815 -0.279165 0.141421
v 0.338599 -0.259816 0.100000
v 0.322748 -0.247653 0.051764
v 0.317341 -0.243505 0.000000
v 0.322748 -0.247653 -0.051764
v 0.338599 -0.259816 -0.100000
v 0.363815 -0.279165 -0.141421
v 0.396677 -0.304381 -0.173205
v 0.434945 -0.333745 -0.193185
v 0.476012 -0.365257 -0.200000
v 0.517079 -0.396769 -0.193185
v 0.555347 -0.426133 -0.173205
v 0.588209 -0.451349 -0.141421
v 0.613425 -0.470698 -0.100000
v 0.629276 -0.482861 -0.051764
v 0.692820 -0.400000 0.000000
v 0.686919 -0.396592 0.051764
v 0.669615 -0.386602 0.100000
v 0.642090 -0.370711 0.141421
v 0.606218 -0.350000 0.173205
v 0.564444 -0.325882 0.193185
v 0.519615 -0.300000 0.200000
v 0.474787 -0.274118 0.193185
v 0.433013 -0.250000 0.173205
v 0.397141 -0.229289 0.141421
v 0.369615 -0.213397 0.100000
v 0.352312 -0.203407 0.051764
v 0.346410 -0.200000 0.000000
v 0.352312 -0.203407 -0.051764
v 0.369615 -0.213397 -0.100000
v 0.397141 -0.229289 -0.141421
v 0.433013 -0.250000 -0.173205
v 0.474787 -0.274118 -0.193185
v 0.519615 -0.300000 -0.200000
v 0.564444 -0.325882 -0.193185
v 0.606218 -0.350000 -0.173205
v 0.642090 -0.370711 -0.141421
v 0.669615 -0.386602 -0.100000
v 0.686919 -0.396592 -0.051764
v 0.739104 -0.306147 0.000000
v 0.732808 -0.303539 0.051764
v 0.714348 -0.295893 0.100000
v 0.684984 -0.283730 0.141421
v 0.646716 -0.267878 0.173205
v 0.602151 -0.249419 0.193185
v 0.554328 -0.229610 0.200000
v 0.506504 -0.209801 0.193185
v 0.461940 -0.191342 0.173205
v 0.423671 -0.175490 0.141421
v 0.394307 -0.163327 0.100000
v 0.375848 -0.155681 0.051764
v 0.369552 -0.153073 0.000000
v 0.375848 -0.155681 -0.051764
v 0.394307 -0.163327 -0.100000
v 0.423671 -0.175490 -0.141421
v 0.461940 -0.191342 -0.173205
v 0.506504 -0.209801 -0.193185
v 0.554328 -0.229610 -0.200000
v 0.602151 -0.249419 -0.193185
v 0.646716 -0.267878 -0.173205
v 0.684984 -0.283730 -0.141421
v 0.714348 -0.295893 -0.100000
v 0.732808 -0.303539 -0.051764
v 0.772741 -0.207055 0.000000
v 0.766158 -0.205292 0.051764
v 0.746859 -0.200120 0.100000
v 0.716158 -0.191894 0.141421
v 0.676148 -0.181174 0.173205
v 0.629556 -0.168689 0.193185
v 0.579555 -0.155292 0.200000
v 0.529555 -0.141894 0.193185
v 0.482963 -0.129410 0.173205
v 0.442953 -0.118689 0.141421
v 0.412252 -0.110463 0.100000
v 0.392953 -0.105292 0.051764
v 0.386370 -0.103528 0.000000
v 0.392953 -0.105292 -0.051764
v 0.412252 -0.110463 -0.100000
v 0.442953 -0.118689 -0.141421
v 0.482963 -0.129410 -0.173205
v 0.529555 -0.141894 -0.193185
v 0.579555 -0.155292 -0.200000
v 0.629556 -0.168689 -0.193185
v 0.676148 -0.181174 -0.173205
v 0.716158 -0.191894 -0.141421
v 0.746859 -0.200120 -0.100000
v 0.766158 -0.205292 -0.051764
v 0.793156 -0.104421 0.000000
v 0.786399 -0.103532 0.051764
v 0.766590 -0.100924 0.100000
v 0.735078 -0.096775 0.141421
v 0.694011 -0.091369 0.173205
v 0.646188 -0.085073 0.193185
v 0.594867 -0.078316 0.200000
v 0.543546 -0.071560 0.193185
v 0.495722 -0.065263 0.173205
v 0.454655 -0.059857 0.141421
v 0.423144 -0.055708 0.100000
v 0.403334 -0.053100 0.051764
v 0.396578 -0.052211 0.000000
v 0.403334 -0.053100 -0.051764
v 0.423144 -0.055708 -0.100000
v 0.454655 -0.059857 -0.141421
v 0.495722 -0.065263 -0.173205
v 0.543546 -0.071560 -0.193185
v 0.594867 -0.078316 -0.200000
v 0.646188 -0.085073 -0.193185
v 0.694011 -0.091369 -0.173205
v 0.735078 -0.096775 -0.141421
v 0.766590 -0.100924 -0.100000
v 0.786399 -0.103532 -0.051764
v 0.800000 0.000000 0.000000
v 0.793185 0.000000 0.051764
v 0.773205 0.000000 0.100000
v 0.741421 0.000000 0.141421
v 0.700000 0.000000 0.173205
v 0.651764 0.000000 0.193185
v 0.600000 0.000000 0.200000
v 0.548236 0.000000 0.193185
v 0.500000 0.000000 0.173205
v 0.458579 0.000000 0.141421
v 0.426795 0.000000 0.100000
v 0.406815 0.000000 0.051764
v 0.400000 0.000000 0.000000
v 0.406815 0.000000 -0.051764
v 0.426795 0.000000 -0.100000
v 0.458579 0.000000 -0.141421
v 0.500000 0.000000 -0.173205
v 0.548236 0.000000 -0.193185
v 0.600000 0.000000 -0.200000
v 0.651764 0.000000 -0.193185
v 0.700000 0.000000 -0.173205
v 0.741421 0.000000 -0.141421
v 0.773205 0.000000 -0.100000
v 0.793185 0.000000 -0.051764
v 0.793156 0.104421 0.000000
v 0.786399 0.103531 0.051764
v 0.766590 0.100923 0.100000
v 0.735078 0.096775 0.141421
v 0.694011 0.091368 0.173205
v 0.646188 0.085072 0.193185
v 0.594867 0.078316 0.200000
v 0.543546 0.071559 0.193185
v 0.495722 0.065263 0.173205
v 0.454655 0.059856 0.141421
v 0.423144 0.055708 0.100000
v 0.403334 0.053100 0.051764
v 0.396578 0.052210 0.000000
v 0.403334 0.053100 -0.051764
v 0.423144 0.055708 -0.100000
v 0.454655 0.059856 -0.141421
v 0.495722 0.065263 -0.173205
v 0.543546 0.071559 -0.193185
v 0.594867 0.078316 -0.200000
v 0.646188 0.085072 -0.193185
v 0.694011 0.091368 -0.173205
v 0.735078 0.096775 -0.141421
v 0.766590 0.100923 -0.100000
v 0.786399 0.103531 -0.051764
v 0.772741 0.207055 0.000000
v 0.766158 0.205291 0.051764
v 0.746859 0.200120 0.100000
v 0.716158 0.191894 0.141421
v 0.676148 0.181173 0.173205
v 0.629556 0.168689 0.193185
v 0.579556 0.155291 0.200000
v 0.529556 0.141894 0.193185
v 0.482963 0.129409 0.173205
v 0.442953 0.118689 0.141421
v 0.412252 0.110462 0.100000
v 0.392953 0.105291 0.051764
v 0.386370 0.103527 0.000000
v 0.392953 0.105291 -0.051764
v 0.412252 0.110462 -0.100000
v 0.442953 0.118689 -0.141421
v 0.482963 0.129409 -0.173205
v 0.529556 0.141894 -0.193185
v 0.579556 0.155291 -0.200000
v 0.629556 0.168689 -0.193185
v 0.676148 0.181173 -0.173205
v 0.716158 0.191894 -0.141421
v 0.746859 0.200120 -0.100000
v 0.766158 0.205291 -0.051764
v 0.739104 0.306147 0.000000
v 0.732807 0.303539 0.051764
v 0.714348 0.295893 0.100000
v 0.684984 0.283730 0.141421
v 0.646716 0.267879 0.173205
v 0.602151 0.249419 0.193185
v 0.554328 0.229610 0.200000
v 0.506504 0.209801 0.193185
v 0.461940 0.191342 0.173205
v 0.423671 0.175491 0.141421
v 0.394307 0.163327 0.100000
v 0.375848 0.155681 0.051764
v 0.369552 0.153073 0.000000
v 0.375848 0.155681 -0.051764
v 0.394307 0.163327 -0.100000
v 0.423671 0.175491 -0.141421
v 0.461940 0.191342 -0.173205
v 0.506504 0.209801 -0.193185
v 0.554328 0.229610 -0.200000
v 0.602151 0.249419 -0.193185
v 0.646716 0.267879 -0.173205
v 0.684984 0.283730 -0.141421
v 0.714348 0.295893 -0.100000
v 0.732807 0.303539 -0.051764
v 0.692820 0.400000 0.000000
v 0.686919 0.396593 0.051764
v 0.669615 0.386603 0.100000
v 0.642090 0.370711 0.141421
v 0.606218 0.350000 0.173205
v 0.564444 0.325882 0.193185
v 0.519615 0.300000 0.200000
v 0.474786 0.274118 0.193185
v 0.433013 0.250000 0.173205
v 0.397141 0.229289 0.141421
v 0.369615 0.213397 0.100000
v 0.352312 0.203407 0.051764
v 0.346410 0.200000 0.000000
v 0.352312 0.203407 -0.051764
v 0.369615 0.213397 -0.100000
v 0.397141 0.229289 -0.141421
v 0.433013 0.250000 -0.173205
v 0.474786 0.274118 -0.193185
v 0.519615 0.300000 -0.200000
v 0.564444 0.325882 -0.193185
v 0.606218 0.350000 -0.173205
v 0.642090 0.370711 -0.141421
v 0.669615 0.386603 -0.100000
v 0.686919 0.396593 -0.051764
v 0.634683 0.487009 0.000000
v 0.629276 0.482860 0.051764
v 0.613425 0.470697 0.100000
v 0.588209 0.451349 0.141421
v 0.555348 0.426133 0.173205
v 0.517079 0.396769 0.193185
v 0.476012 0.365257 0.200000
v 0.434945 0.333745 0.193185
v 0.396677 0.304381 0.173205
v 0.363815 0.279165 0.141421
v 0.338599 0.259816 0.100000
v 0.322748 0.247653 0.051764
v 0.317341 0.243504 0.000000
v 0.322748 0.247653 -0.051764
v 0.338599 0.259816 -0.100000
v 0.363815 0.279165 -0.141421
v 0.396677 0.304381 -0.173205
v 0.434945 0.333745 -0.193185
v 0.476012 0.365257 -0.200000
v 0.517079 0.396769 -0.193185
v 0.555348 0.426133 -0.173205
v 0.588209 0.451349 -0.141421
v 0.613425 0.470697 -0.100000
v 0.629276 0.482860 -0.051764
v 0.565686 0.565685 0.000000
v 0.560867 0.560866 0.051764
v 0.546739 0.546738 0.100000
v 0.524264 0.524264 0.141421
v 0.494975 0.494975 0.173205
v 0.460867 0.460866 0.193185
v 0.424264 0.424264 0.200000
v 0.387662 0.387661 0.193185
v 0.353554 0.353553 0.173205
v 0.324264 0.324264 0.141421
v 0.301790 0.301789 0.100000
v 0.287662 0.287661 0.051764
v 0.282843 0.282843 0.000000
v 0.287662 0.287661 -0.051764
v 0.301790 0.301789 -0.100000
v 0.324264 0.324264 -0.141421
v 0.353554 0.353553 -0.173205
v 0.387662 0.387661 -0.193185
v 0.424264 0.424264 -0.200000
v 0.460867 0.460866 -0.193185
v 0.494975 0.494975 -0.173205
v 0.524264 0.524264 -0.141421
v 0.546739 0.546738 -0.100000
v 0.560867 0.560866 -0.051764
v 0.487009 0.634683 0.000000
v 0.482860 0.629276 0.051764
v 0.470697 0.613425 0.100000
v 0.451349 0.588209 0.141421
v 0.426133 0.555347 0.173205
v 0.396769 0.517079 0.193185
v 0.365257 0.476012 0.200000
v 0.333745 0.434945 0.193185
v 0.304381 0.396677 0.173205
v 0.279165 0.363815 0.141421
v 0.259816 0.338599 0.100000
v 0.247653 0.322748 0.051764
v 0.243505 0.317341 0.000000
v 0.247653 0.322748 -0.051764
v 0.259816 0.338599 -0.100000
v 0.279165 0.363815 -0.141421
v 0.304381 0.396677 -0.173205
v 0.333745 0.434945 -0.193185
v 0.365257 0.476012 -0.200000
v 0.396769 0.517079 -0.193185
v 0.426133 0.555347 -0.173205
v 0.451349 0.588209 -0.141421
v 0.470697 0.613425 -0.100000
v 0.482860 0.629276 -0.051764
v 0.400000 0.692820 0.000000
v 0.396593 0.686918 0.051764
v 0.386603 0.669615 0.100000
v 0.370711 0.642090 0.141421
v 0.350000 0.606218 0.173205
v 0.325882 0.564444 0.193185
v 0.300000 0.519615 0.200000
v 0.274118 0.474786 0.193185
v 0.250000 0.433013 0.173205
v 0.229289 0.397141 0.141421
v 0.213398 0.369615 0.100000
v 0.203407 0.352312 0.051764
v 0.200000 0.346410 0.000000
v 0.203407 0.352312 -0.051764
v 0.213398 0.369615 -0.100000
v 0.229289 0.397141 -0.141421
v 0.250000 0.433013 -0.173205
v 0.274118 0.474786 -0.193185
v 0.300000 0.519615 -0.200000
v 0.325882 0.564444 -0.193185
v 0.350000 0.606218 -0.173205
v 0.370711 0.642090 -0.141421
v 0.386603 0.669615 -0.100000
v 0.396593 0.686918 -0.051764
v 0.306147 0.739103 0.000000
v 0.303539 0.732807 0.051764
v 0.295893 0.714348 0.100000
v 0.283730 0.684984 0.141421
v 0.267879 0.646716 0.173205
v 0.249419 0.602151 0.193185
v 0.229610 0.554328 0.200000
v 0.209801 0.506504 0.193185
v 0.191342 0.461940 0.173205
v 0.175491 0.423671 0.141421
v 0.163328 0.394307 0.100000
v 0.155681 0.375848 0.051764
v 0.153074 0.369552 0.000000
v 0.155681 0.375848 -0.051764
v 0.163328 0.394307 -0.100000
v 0.175491 0.423671 -0.141421
v 0.191342 0.461940 -0.173205
v 0.209801 0.506504 -0.193185
v 0.229610 0.554328 -0.200000
v 0.249419 0.602151 -0.193185
v 0.267879 0.646716 -0.173205
v 0.283730 0.684984 -0.141421
v 0.295893 0.714348 -0.100000
v 0.303539 0.732807 -0.051764
v 0.207055 0.772741 0.000000
v 0.205291 0.766158 0.051764
v 0.200120 0.746859 0.100000
v 0.191894 0.716158 0.141421
v 0.181173 0.676148 0.173205
v 0.168689 0.629556 0.193185
v 0.155291 0.579556 0.200000
v 0.141894 0.529555 0.193185
v 0.129409 0.482963 0.173205
v 0.118689 0.442953 0.141421
v 0.110463 0.412252 0.100000
v 0.105291 0.392953 0.051764
v 0.103528 0.386370 0.000000
v 0.105291 0.392953 -0.051764
v 0.110463 0.412252 -0.100000
v 0.118689 0.442953 -0.141421
v 0.129409 0.482963 -0.173205
v 0.141894 0.529555 -0.193185
v 0.155291 0.579556 -0.200000
v 0.168689 0.629556 -0.193185
v 0.181173 0.676148 -0.173205
v 0.191894 0.716158 -0.141421
v 0.200120 0.746859 -0.100000
v 0.205291 0.766158 -0.051764
v 0.104421 0.793156 0.000000
v 0.103531 0.786399 0.051764
v 0.100924 0.766590 0.100000
v 0.096775 0.735078 0.141421
v 0.091368 0.694011 0.173205
v 0.085072 0.646188 0.193185
v 0.078316 0.594867 0.200000
v 0.071559 0.543546 0.193185
v 0.065263 0.495722 0.173205
v 0.059857 0.454655 0.141421
v 0.055708 0.423144 0.100000
v 0.053100 0.403334 0.051764
v 0.052210 0.396578 0.000000
v 0.053100 0.403334 -0.051764
v 0.055708 0.423144 -0.100000
v 0.059857 0.454655 -0.141421
v 0.065263 0.495722 -0.173205
v 0.071559 0.543546 -0.193185
v 0.078316 0.594867 -0.200000
v 0.085072 0.646188 -0.193185
v 0.091368 0.694011 -0.173205
v 0.096775 0.735078 -0.141421
v 0.100924 0.766590 -0.100000
v 0.103531 0.786399 -0.051764
vn -0.0000 1.0000 -0.0000
vn -0.0000 0.9663 0.2575
vn -0.0000 0.8674 0.4977
vn -0.0000 0.7098 0.7044
vn -0.0000 0.5041 0.8637
vn -0.0000 0.2639 0.9646
vn -0.0000 0.0054 1.0000
vn -0.0000 -0.2537 0.9673
vn -0.0000 -0.4959 0.8684
vn -0.0000 -0.7044 0.7098
vn -0.0000 -0.8647 0.5024
vn -0.0000 -0.9656 0.2602
vn -0.0000 -1.0000 -0.0000
vn -0.0000 -0.9656 -0.2602
vn -0.0000 -0.8647 -0.5024
vn -0.0000 -0.7044 -0.7098
vn -0.0000 -0.4959 -0.8684
vn -0.0000 -0.2537 -0.9673
vn -0.0000 0.0054 -1.0000
vn -0.0000 0.2639 -0.9646
vn -0.0000 0.5041 -0.8637
vn -0.0000 0.7098 -0.7044
vn -0.0000 0.8674 -0.4977
vn -0.0000 0.9663 -0.2575
vn -0.1305 0.9914 -0.0000
vn -0.1261 0.9580 0.2575
vn -0.1132 0.8600 0.4977
vn -0.0926 0.7037 0.7044
vn -0.0658 0.4997 0.8637
vn -0.0344 0.2616 0.9646
vn -0.0007 0.0054 1.0000
vn 0.0331 -0.2516 0.9673
vn 0.0647 -0.4917 0.8684
vn 0.0919 -0.6983 0.7098
vn 0.1129 -0.8573 0.5024
vn 0.1260 -0.9573 0.2602
vn 0.1305 -0.9914 -0.0000
vn 0.1260 -0.9573 -0.2602
vn 0.1129 -0.8573 -0.5024
vn 0.0919 -0.6983 -0.7098
vn 0.0647 -0.4917 -0.8684
vn 0.0331 -0.2516 -0.9673
vn -0.0007 0.0054 -1.0000
vn -0.0344 0.2616 -0.9646
vn -0.0658 0.4997 -0.8637
vn -0.0926 0.7037 -0.7044
vn -0.1132 0.8600 -0.4977
vn -0.1261 0.9580 -0.2575
vn -0.2588 0.9659 -0.0000
vn -0.2501 0.9334 0.2575
vn -0.2245 0.8378 0.4977
vn -0.1837 0.6856 0.7044
vn -0.1305 0.4869 0.8637
vn -0.0683 0.2549 0.9646
vn -0.0014 0.0052 1.0000
vn 0.0657 -0.2451 0.9673
vn 0.1283 -0.4790 0.8684
vn 0.1823 -0.6804 0.7098
vn 0.2238 -0.8352 0.5024
vn 0.2499 -0.9327 0.2602
vn 0.2588 -0.9659 -0.0000
vn 0.2499 -0.9327 -0.2602
vn 0.2238 -0.8352 -0.5024
vn 0.1823 -0.6804 -0.7098
vn 0.1283 -0.4790 -0.8684
vn 0.0657 -0.2451 -0.9673
vn -0.0014 0.0052 -1.0000
vn -0.0683 0.2549 -0.9646
vn -0.1305 0.4869 -0.8637
vn -0.1837 0.6856 -0.7044
vn -0.2245 0.8378 -0.4977
vn -0.2501 0.9334 -0.2575
vn -0.3827 0.9239 -0.0000
vn -0.3698 0.8927 0.2575
vn -0.3319 0.8013 0.4977
vn -0.2716 0.6558 0.7044
vn -0.1929 0.4657 0.8637
vn -0.1010 0.2438 0.9646
vn -0.0021 0.0050 1.0000
vn 0.0971 -0.2344 0.9673
vn 0.1898 -0.4582 0.8684
vn 0.2696 -0.6508 0.7098
vn 0.3309 -0.7988 0.5024
vn 0.3695 -0.8921 0.2602
vn 0.3827 -0.9239 -0.0000
vn 0.3695 -0.8921 -0.2602
vn 0.3309 -0.7988 -0.5024
vn 0.2696 -0.6508 -0.7098
vn 0.1898 -0.4582 -0.8684
vn 0.0971 -0.2344 -0.9673
vn -0.0021 0.0050 -1.0000
vn -0.1010 0.2438 -0.9646
vn -0.1929 0.4657 -0.8637
vn -0.2716 0.6558 -0.7044
vn -0.3319 0.8013 -0.4977
vn -0.3698 0.8927 -0.2575
vn -0.5000 0.8660 -0.0000
vn -0.4831 0.8368 0.2575
vn -0.4337 0.7512 0.4977
vn -0.3549 0.6147 0.7044
vn -0.2520 0.4365 0.8637
vn -0.1319 0.2285 0.9646
vn -0.0027 0.0047 1.0000
vn 0.1269 -0.2197 0.9673
vn 0.2480 -0.4295 0.8684
vn 0.3522 -0.6100 0.7098
vn 0.4323 -0.7488 0.5024
vn 0.4828 -0.8362 0.2602
vn 0.5000 -0.8660 -0.0000
vn 0.4828 -0.8362 -0.2602
vn 0.4323 -0.7488 -0.5024
vn 0.3522 -0.6100 -0.7098
vn 0.2480 -0.4295 -0.8684
vn 0.1269 -0.2197 -0.9673
vn -0.0027 0.0047 -1.0000
vn -0.1319 0.2285 -0.9646
vn -0.2520 0.4365 -0.8637
vn -0.3549 0.6147 -0.7044
vn -0.4337 0.7512 -0.4977
vn -0.4831 0.8368 -0.2575
vn -0.6088 0.7934 -0.0000
vn -0.5882 0.7666 0.2575
vn -0.5280 0.6881 0.4977
vn -0.4321 0.5631 0.7044
vn -0.3068 0.3999 0.8637
vn -0.1606 0.2093 0.9646
vn -0.0033 0.0043 1.0000
vn 0.1545 -0.2013 0.9673
vn 0.3019 -0.3934 0.8684
vn 0.4288 -0.5588 0.7098
vn 0.5264 -0.6860 0.5024
vn 0.5878 -0.7660 0.2602
vn 0.6088 -0.7934 -0.0000
vn 0.5878 -0.7660 -0.2602
vn 0.5264 -0.6860 -0.5024
vn 0.4288 -0.5588 -0.7098
vn 0.3019 -0.3934 -0.8684
vn 0.1545 -0.2013 -0.9673
vn -0.0033 0.0043 -1.0000
vn -0.1606 0.2093 -0.9646
vn -0.3068 0.3999 -0.8637
vn -0.4321 0.5631 -0.7044
vn -0.5280 0.6881 -0.4977
vn -0.5882 0.7666 -0.2575
vn -0.7071 0.7071 -0.0000
vn -0.6833 0.6833 0.2575
vn -0.6133 0.6133 0.4977
vn -0.5019 0.5019 0.7044
vn -0.3564 0.3564 0.8637
vn -0.1866 0.1866 0.9646
vn -0.0038 0.0038 1.0000
vn 0.1794 -0.1794 0.9673
vn 0.3507 -0.3507 0.8684
vn 0.4981 -0.4981 0.7098
vn 0.6114 -0.6114 0.5024
vn 0.6828 -0.6828 0.2602
vn 0.7071 -0.7071 -0.0000
vn 0.6828 -0.6828 -0.2602
vn 0.6114 -0.6114 -0.5024
vn 0.4981 -0.4981 -0.7098
vn 0.3507 -0.3507 -0.8684
vn 0.1794 -0.1794 -0.9673
vn -0.0038 0.0038 -1.0000
vn -0.1866 0.1866 -0.9646
vn -0.3564 0.3564 -0.8637
vn -0.5019 0.5019 -0.7044
vn -0.6133 0.6133 -0.4977
vn -0.6833 0.6833 -0.2575
vn -0.7934 0.6088 -0.0000
vn -0.7666 0.5882 0.2575
vn -0.6881 0.5280 0.4977
vn -0.5631 0.4321 0.7044
vn -0.3999 0.3068 0.8637
vn -0.2093 0.1606 0.9646
vn -0.0043 0.0033 1.0000
vn 0.2013 -0.1545 0.9673
vn 0.3934 -0.3019 0.8684
vn 0.5588 -0.4288 0.7098
vn 0.6860 -0.5264 0.5024
vn 0.7660 -0.5878 0.2602
vn 0.7934 -0.6088 -0.0000
vn 0.7660 -0.5878 -0.2602
vn 0.6860 -0.5264 -0.5024
vn 0.5588 -0.4288 -0.7098
vn 0.3934 -0.3019 -0.8684
vn 0.2013 -0.1545 -0.9673
vn -0.0043 0.0033 -1.0000
vn -0.2093 0.1606 -0.9646
vn -0.3999 0.3068 -0.8637
vn -0.5631 0.4321 -0.7044
vn -0.6881 0.5280 -0.4977
vn -0.7666 0.5882 -0.2575
vn -0.8660 0.5000 -0.0000
vn -0.8368 0.4831 0.2575
vn -0.7512 0.4337 0.4977
vn -0.6147 0.3549 0.7044
vn -0.4365 0.2520 0.8637
vn -0.2285 0.1319 0.9646
vn -0.0047 0.0027 1.0000
vn 0.2197 -0.1269 0.9673
vn 0.4295 -0.2480 0.8684
vn 0.6100 -0.3522 0.7098
vn 0.7488 -0.4323 0.5024
vn 0.8362 -0.4828 0.2602
vn 0.8660 -0.5000 -0.0000
vn 0.8362 -0.4828 -0.2602
vn 0.7488 -0.4323 -0.5024
vn 0.6100 -0.3522 -0.7098
vn 0.4295 -0.2480 -0.8684
vn 0.2197 -0.1269 -0.9673
vn -0.0047 0.0027 -1.0000
vn -0.2285 0.1319 -0.9646
vn -0.4365 0.2520 -0.8637
vn -0.6147 0.3549 -0.7044
vn -0.7512 0.4337 -0.4977
vn -0.8368 0.4831 -0.2575
vn -0.9239 0.3827 -0.0000
vn -0.8927 0.3698 0.2575
vn -0.8013 0.3319 0.4977
vn -0.6558 0.2716 0.7044
vn -0.4657 0.1929 0.8637
vn -0.2438 0.1010 0.9646
vn -0.0050 0.0021 1.0000
vn 0.2344 -0.0971 0.9673
vn 0.4582 -0.1898 0.8684
vn 0.6508 -0.2696 0.7098
vn 0.7988 -0.3309 0.5024
vn 0.8921 -0.3695 0.2602
vn 0.9239 -0.3827 -0.0000
vn 0.8921 -0.3695 -0.2602
vn 0.7988 -0.3309 -0.5024
vn 0.6508 -0.2696 -0.7098
vn 0.4582 -0.1898 -0.8684
vn 0.2344 -0.0971 -0.9673
vn -0.0050 0.0021 -1.0000
vn -0.2438 0.1010 -0.9646
vn -0.4657 0.1929 -0.8637
vn -0.6558 0.2716 -0.7044
vn -0.8013 0.3319 -0.4977
vn -0.8927 0.3698 -0.2575
vn -0.9659 0.2588 -0.0000
vn -0.9334 0.2501 0.2575
vn -0.8378 0.2245 0.4977
vn -0.6856 0.1837 0.7044
vn -0.4869 0.1305 0.8637
vn -0.2549 0.0683 0.9646
vn -0.0052 0.0014 1.0000
vn 0.2451 -0.0657 0.9673
vn 0.4790 -0.1283 0.8684
vn 0.6804 -0.1823 0.7098
vn 0.8352 -0.2238 0.5024
vn 0.9327 -0.2499 0.2602
vn 0.9659 -0.2588 -0.0000
vn 0.9327 -0.2499 -0.2602
vn 0.8352 -0.2238 -0.5024
vn 0.6804 -0.1823 -0.7098
vn 0.4790 -0.1283 -0.8684
vn 0.2451 -0.0657 -0.9673
vn -0.0052 0.0014 -1.0000
vn -0.2549 0.0683 -0.9646
vn -0.4869 0.1305 -0.8637
vn -0.6856 0.1837 -0.7044
vn -0.8378 0.2245 -0.4977
vn -0.9334 0.2501 -0.2575
vn -0.9914 0.1305 -0.0000
vn -0.9580 0.1261 0.2575
vn -0.8600 0.1132 0.4977
vn -0.7037 0.0926 0.7044
vn -0.4997 0.0658 0.8637
vn -0.2616 0.0344 0.9646
vn -0.0054 0.0007 1.0000
vn 0.2516 -0.0331 0.9673
vn 0.4917 -0.0647 0.8684
vn 0.6983 -0.0919 0.7098
vn 0.8573 -0.1129 0.5024
vn 0.9573 -0.1260 0.2602
vn 0.9914 -0.1305 -0.0000
vn 0.9573 -0.1260 -0.2602
vn 0.8573 -0.1129 -0.5024
vn 0.6983 -0.0919 -0.7098
vn 0.4917 -0.0647 -0.8684
vn 0.2516 -0.0331 -0.9673
vn -0.0054 0.0007 -1.0000
vn -0.2616 0.0344 -0.9646
vn -0.4997 0.0658 -0.8637
vn -0.7037 0.0926 -0.7044
vn -0.8600 0.1132 -0.4977
vn -0.9580 0.1261 -0.2575
vn -1.0000 -0.0000 -0.0000
vn -0.9663 -0.0000 0.2575
vn -0.8674 -0.0000 0.4977
vn -0.7098 -0.0000 0.7044
vn -0.5041 -0.0000 0.8637
vn -0.2639 -0.0000 0.9646
vn -0.0054 -0.0000 1.0000
vn 0.2537 -0.0000 0.9673
vn 0.4959 -0.0000 0.8684
vn 0.7044 -0.0000 0.7098
vn 0.8647 -0.0000 0.5024
vn 0.9656 -0.0000 0.2602
vn 1.0000 -0.0000 -0.0000
vn 0.9656 -0.0000 -0.2602
vn 0.8647 -0.0000 -0.5024
vn 0.7044 -0.0000 -0.7098
vn 0.4959 -0.0000 -0.8684
vn 0.2537 -0.0000 -0.9673
vn -0.0054 -0.0000 -1.0000
vn -0.2639 -0.0000 -0.9646
vn -0.5041 -0.0000 -0.8637
vn -0.7098 -0.0000 -0.7044
vn -0.8674 -0.0000 -0.4977
vn -0.9663 -0.0000 -0.2575
vn -0.9914 -0.1305 -0.0000
vn -0.9580 -0.1261 0.2575
vn -0.8599 -0.1132 0.4977
vn -0.7037 -0.0926 0.7044
vn -0.4997 -0.0658 0.8637
vn -0.2616 -0.0344 0.9646
vn -0.0054 -0.0007 1.0000
vn 0.2516 0.0331 0.9673
vn 0.4917 0.0647 0.8684
vn 0.6983 0.0919 0.7098
vn 0.8573 0.1129 0.5024
vn 0.9573 0.1260 0.2602
vn 0.9914 0.1305 -0.0000
vn 0.9573 0.1260 -0.2602
vn 0.8573 0.1129 -0.5024
vn 0.6983 0.0919 -0.7098
vn 0.4917 0.0647 -0.8684
vn 0.2516 0.0331 -0.9673
vn -0.0054 -0.0007 -1.0000
vn -0.2616 -0.0344 -0.9646
vn -0.4997 -0.0658 -0.8637
vn -0.7037 -0.0926 -0.7044
vn -0.8599 -0.1132 -0.4977
vn -0.9580 -0.1261 -0.2575
vn -0.9659 -0.2588 -0.0000
vn -0.9334 -0.2501 0.2575
vn -0.8378 -0.2245 0.4977
vn -0.6856 -0.1837 0.7044
vn -0.4869 -0.1305 0.8637
vn -0.2549 -0.0683 0.9646
vn -0.0052 -0.0014 1.0000
vn 0.2451 0.0657 0.9673
vn 0.4790 0.1283 0.8684
vn 0.6804 0.1823 0.7098
vn 0.8352 0.2238 0.5024
vn 0.9327 0.2499 0.2602
vn 0.9659 0.2588 -0.0000
vn 0.9327 0.2499 -0.2602
vn 0.8352 0.2238 -0.5024
vn 0.6804 0.1823 -0.7098
vn 0.4790 0.1283 -0.8684
vn 0.2451 0.0657 -0.9673
vn -0.0052 -0.0014 -1.0000
vn -0.2549 -0.0683 -0.9646
vn -0.4869 -0.1305 -0.8637
vn -0.6856 -0.1837 -0.7044
vn -0.8378 -0.2245 -0.4977
vn -0.9334 -0.2501 -0.2575
vn -0.9239 -0.3827 -0.0000
vn -0.8927 -0.3698 0.2575
vn -0.8013 -0.3319 0.4977
vn -0.6558 -0.2716 0.7044
vn -0.4657 -0.1929 0.8637
vn -0.2438 -0.1010 0.9646
vn -0.0050 -0.0021 1.0000
vn 0.2344 0.0971 0.9673
vn 0.4582 0.1898 0.8684
vn 0.6508 0.2696 0.7098
vn 0.7988 0.3309 0.5024
vn 0.8921 0.3695 0.2602
vn 0.9239 0.3827 -0.0000
vn 0.8921 0.3695 -0.2602
vn 0.7988 0.3309 -0.5024
vn 0.6508 0.2696 -0.7098
vn 0.4582 0.1898 -0.8684
vn 0.2344 0.0971 -0.9673
vn -0.0050 -0.0021 -1.0000
vn -0.2438 -0.1010 -0.9646
vn -0.4657 -0.1929 -0.8637
vn -0.6558 -0.2716 -0.7044
vn -0.8013 -0.3319 -0.4977
vn -0.8927 -0.3698 -0.2575
vn -0.8660 -0.5000 -0.0000
vn -0.8368 -0.4831 0.2575
vn -0.7512 -0.4337 0.4977
vn -0.6147 -0.3549 0.7044
vn -0.4365 -0.2520 0.8637
vn -0.2285 -0.1319 0.9646
vn -0.0047 -0.0027 1.0000
vn 0.2197 0.1269 0.9673
vn 0.4295 0.2480 0.8684
vn 0.6100 0.3522 0.7098
vn 0.7488 0.4323 0.5024
vn 0.8362 0.4828 0.2602
vn 0.8660 0.5000 -0.0000
vn 0.8362 0.4828 -0.2602
vn 0.7488 0.4323 -0.5024
vn 0.6100 0.3522 -0.7098
vn 0.4295 0.2480 -0.8684
vn 0.2197 0.1269 -0.9673
vn -0.0047 -0.0027 -1.0000
vn -0.2285 -0.1319 -0.9646
vn -0.4365 -0.2520 -0.8637
vn -0.6147 -0.3549 -0.7044
vn -0.7512 -0.4337 -0.4977
vn -0.8368 -0.4831 -0.2575
vn -0.7934 -0.6088 -0.0000
vn -0.7666 -0.5882 0.2575
vn -0.6881 -0.5280 0.4977
vn -0.5631 -0.4321 0.7044
vn -0.3999 -0.3068 0.8637
vn -0.2093 -0.1606 0.9646
vn -0.0043 -0.0033 1.0000
vn 0.2013 0.1545 0.9673
vn 0.3934 0.3019 0.8684
vn 0.5588 0.4288 0.7098
vn 0.6860 0.5264 0.5024
vn 0.7660 0.5878 0.2602
vn 0.7934 0.6088 -0.0000
vn 0.7660 0.5878 -0.2602
vn 0.6860 0.5264 -0.5024
vn 0.5588 0.4288 -0.7098
vn 0.3934 0.3019 -0.8684
vn 0.2013 0.1545 -0.9673
vn -0.0043 -0.0033 -1.0000
vn -0.2093 -0.1606 -0.9646
vn -0.3999 -0.3068 -0.8637
vn -0.5631 -0.4321 -0.7044
vn -0.6881 -0.5280 -0.4977
vn -0.7666 -0.5882 -0.2575
vn -0.7071 -0.7071 -0.0000
vn -0.6833 -0.6833 0.2575
vn -0.6133 -0.6133 0.4977
vn -0.5019 -0.5019 0.7044
vn -0.3564 -0.3564 0.8637
vn -0.1866 -0.1866 0.9646
vn -0.0038 -0.0038 1.0000
vn 0.1794 0.1794 0.9673
vn 0.3507 0.3507 0.8684
vn 0.4981 0.4981 0.7098
vn 0.6114 0.6114 0.5024
vn 0.6828 0.6828 0.2602
vn 0.7071 0.7071 -0.0000
vn 0.6828 0.6828 -0.2602
vn 0.6114 0.6114 -0.5024
vn 0.4981 0.4981 -0.7098
vn 0.3507 0.3507 -0.8684
vn 0.1794 0.1794 -0.9673
vn -0.0038 -0.0038 -1.0000
vn -0.1866 -0.1866 -0.9646
vn -0.3564 -0.3564 -0.8637
vn -0.5019 -0.5019 -0.7044
vn -0.6133 -0.6133 -0.4977
vn -0.6833 -0.6833 -0.2575
vn -0.6088 -0.7934 -0.0000
vn -0.5882 -0.7666 0.2575
vn -0.5280 -0.6881 0.4977
vn -0.4321 -0.5631 0.7044
vn -0.3068 -0.3999 0.8637
vn -0.1606 -0.2093 0.9646
vn -0.0033 -0.0043 1.0000
vn 0.1545 0.2013 0.9673
vn 0.3019 0.3934 0.8684
vn 0.4288 0.5588 0.7098
vn 0.5264 0.6860 0.5024
vn 0.5878 0.7660 0.2602
vn 0.6088 0.7934 -0.0000
vn 0.5878 0.7660 -0.2602
vn 0.5264 0.6860 -0.5024
vn 0.4288 0.5588 -0.7098
vn 0.3019 0.3934 -0.8684
vn 0.1545 0.2013 -0.9673
vn -0.0033 -0.0043 -1.0000
vn -0.1606 -0.2093 -0.9646
vn -0.3068 -0.3999 -0.8637
vn -0.4321 -0.5631 -0.7044
vn -0.5280 -0.6881 -0.4977
vn -0.5882 -0.7666 -0.2575
vn -0.5000 -0.8660 -0.0000
vn -0.4831 -0.8368 0.2575
vn -0.4337 -0.7512 0.4977
vn -0.3549 -0.6147 0.7044
vn -0.2520 -0.4365 0.8637
vn -0.1319 -0.2285 0.9646
vn -0.0027 -0.0047 1.0000
vn 0.1269 0.2197 0.9673
vn 0.2480 0.4295 0.8684
vn 0.3522 0.6100 0.7098
vn 0.4323 0.7488 0.5024
vn 0.4828 0.8362 0.2602
vn 0.5000 0.8660 -0.0000
vn 0.4828 0.8362 -0.2602
vn 0.4323 0.7488 -0.5024
vn 0.3522 0.6100 -0.7098
vn 0.2480 0.4295 -0.8684
vn 0.1269 0.2197 -0.9673
vn -0.0027 -0.0047 -1.0000
vn -0.1319 -0.2285 -0.9646
vn -0.2520 -0.4365 -0.8637
vn -0.3549 -0.6147 -0.7044
vn -0.4337 -0.7512 -0.4977
vn -0.4831 -0.8368 -0.2575
vn -0.3827 -0.9239 -0.0000
vn -0.3698 -0.8927 0.2575
vn -0.3319 -0.8013 0.4977
vn -0.2716 -0.6558 0.7044
vn -0.1929 -0.4657 0.8637
vn -0.1010 -0.2438 0.9646
vn -0.0021 -0.0050 1.0000
vn 0.0971 0.2344 0.9673
vn 0.1898 0.4582 0.8684
vn 0.2696 0.6508 0.7098
vn 0.3309 0.7988 0.5024
vn 0.3695 0.8921 0.2602
vn 0.3827 0.9239 -0.0000
vn 0.3695 0.8921 -0.2602
vn 0.3309 0.7988 -0.5024
vn 0.2696 0.6508 -0.7098
vn 0.1898 0.4582 -0.8684
vn 0.0971 0.2344 -0.9673
vn -0.0021 -0.0050 -1.0000
vn -0.1010 -0.2438 -0.9646
vn -0.1929 -0.4657 -0.8637
vn -0.2716 -0.6558 -0.7044
vn -0.3319 -0.8013 -0.4977
vn -0.3698 -0.8927 -0.2575
vn -0.2588 -0.9659 -0.0000
vn -0.2501 -0.9334 0.2575
vn -0.2245 -0.8378 0.4977
vn -0.1837 -0.6856 0.7044
vn -0.1305 -0.4869 0.8637
vn -0.0683 -0.2549 0.9646
vn -0.0014 -0.0052 1.0000
vn 0.0657 0.2451 0.9673
vn 0.1283 0.4790 0.8684
vn 0.1823 0.6804 0.7098
vn 0.2238 0.8352 0.5024
vn 0.2499 0.9327 0.2602
vn 0.2588 0.9659 -0.0000
vn 0.2499 0.9327 -0.2602
vn 0.2238 0.8352 -0.5024
vn 0.1823 0.6804 -0.7098
vn 0.1283 0.4790 -0.8684
vn 0.0657 0.2451 -0.9673
vn -0.0014 -0.0052 -1.0000
vn -0.0683 -0.2549 -0.9646
vn -0.1305 -0.4869 -0.8637
vn -0.1837 -0.6856 -0.7044
vn -0.2245 -0.8378 -0.4977
vn -0.2501 -0.9334 -0.2575
vn -0.1305 -0.9914 -0.0000
vn -0.1261 -0.9580 0.2575
vn -0.1132 -0.8600 0.4977
vn -0.0926 -0.7037 0.7044
vn -0.0658 -0.4997 0.8637
vn -0.0344 -0.2616 0.9646
vn -0.0007 -0.0054 1.0000
vn 0.0331 0.2516 0.9673
vn 0.0647 0.4917 0.8684
vn 0.0919 0.6983 0.7098
vn 0.1129 0.8573 0.5024
vn 0.1260 0.9573 0.2602
vn 0.1305 0.9914 -0.0000
vn 0.1260 0.9573 -0.2602
vn 0.1129 0.8573 -0.5024
vn 0.0919 0.6983 -0.7098
vn 0.0647 0.4917 -0.8684
vn 0.0331 0.2516 -0.9673
vn -0.0007 -0.0054 -1.0000
vn -0.0344 -0.2616 -0.9646
vn -0.0658 -0.4997 -0.8637
vn -0.0926 -0.7037 -0.7044
vn -0.1132 -0.8600 -0.4977
vn -0.1261 -0.9580 -0.2575
vn -0.0000 -0.9663 0.2575
vn -0.0000 -0.8674 0.4977
vn -0.0000 -0.7098 0.7044
vn -0.0000 -0.5041 0.8637
vn -0.0000 -0.2639 0.9646
vn -0.0000 -0.0054 1.0000
vn -0.0000 0.2537 0.9673
vn -0.0000 0.4959 0.8684
vn -0.0000 0.7044 0.7098
vn -0.0000 0.8647 0.5024
vn -0.0000 0.9656 0.2602
vn -0.0000 0.9656 -0.2602
vn -0.0000 0.8647 -0.5024
vn -0.0000 0.7044 -0.7098
vn -0.0000 0.4959 -0.8684
vn -0.0000 0.2537 -0.9673
vn -0.0000 -0.0054 -1.0000
vn -0.0000 -0.2639 -0.9646
vn -0.0000 -0.5041 -0.8637
vn -0.0000 -0.7098 -0.7044
vn -0.0000 -0.8674 -0.4977
vn -0.0000 -0.9663 -0.2575
vn 0.1261 -0.9580 0.2575
vn 0.1132 -0.8600 0.4977
vn 0.0926 -0.7037 0.7044
vn 0.0658 -0.4997 0.8637
vn 0.0344 -0.2616 0.9646
vn 0.0007 -0.0054 1.0000
vn -0.0331 0.2516 0.9673
vn -0.0647 0.4917 0.8684
vn -0.0919 0.6983 0.7098
vn -0.1129 0.8573 0.5024
vn -0.1260 0.9573 0.2602
vn -0.1260 0.9573 -0.2602
vn -0.1129 0.8573 -0.5024
vn -0.0919 0.6983 -0.7098
vn -0.0647 0.4917 -0.8684
vn -0.0331 0.2516 -0.9673
vn 0.0007 -0.0054 -1.0000
vn 0.0344 -0.2616 -0.9646
vn 0.0658 -0.4997 -0.8637
vn 0.0926 -0.7037 -0.7044
vn 0.1132 -0.8600 -0.4977
vn 0.1261 -0.9580 -0.2575
vn 0.2501 -0.9334 0.2575
vn 0.2245 -0.8378 0.4977
vn 0.1837 -0.6856 0.7044
vn 0.1305 -0.4869 0.8637
vn 0.0683 -0.2549 0.9646
vn 0.0014 -0.0052 1.0000
vn -0.0657 0.2451 0.9673
vn -0.1283 0.4790 0.8684
vn -0.1823 0.6804 0.7098
vn -0.2238 0.8352 0.5024
vn -0.2499 0.9327 0.2602
vn -0.2499 0.9327 -0.2602
vn -0.2238 0.8352 -0.5024
vn -0.1823 0.6804 -0.7098
vn -0.1283 0.4790 -0.8684
vn -0.0657 0.2451 -0.9673
vn 0.0014 -0.0052 -1.0000
vn 0.0683 -0.2549 -0.9646
vn 0.1305 -0.4869 -0.8637
vn 0.1837 -0.6856 -0.7044
vn 0.2245 -0.8378 -0.4977
vn 0.2501 -0.9334 -0.2575
vn 0.3698 -0.8927 0.2575
vn 0.3319 -0.8013 0.4977
vn 0.2716 -0.6558 0.7044
vn 0.1929 -0.4657 0.8637
vn 0.1010 -0.2438 0.9646
vn 0.0021 -0.0050 1.0000
vn -0.0971 0.2344 0.9673
vn -0.1898 0.4582 0.8684
vn -0.2696 0.6508 0.7098
vn -0.3309 0.7988 0.5024
vn -0.3695 0.8921 0.2602
vn -0.3695 0.8921 -0.2602
vn -0.3309 0.7988 -0.5024
vn -0.2696 0.6508 -0.7098
vn -0.1898 0.4582 -0.8684
vn -0.0971 0.2344 -0.9673
vn 0.0021 -0.0050 -1.0000
vn 0.1010 -0.2438 -0.9646
vn 0.1929 -0.4657 -0.8637
vn 0.2716 -0.6558 -0.7044
vn 0.3319 -0.8013 -0.4977
vn 0.3698 -0.8927 -0.2575
vn 0.4831 -0.8368 0.2575
vn 0.4337 -0.7512 0.4977
vn 0.3549 -0.6147 0.7044
vn 0.2520 -0.4365 0.8637
vn 0.1319 -0.2285 0.9646
vn 0.0027 -0.0047 1.0000
vn -0.1269 0.2197 0.9673
vn -0.2480 0.4295 0.8684
vn -0.3522 0.6100 0.7098
vn -0.4323 0.7488 0.5024
vn -0.4828 0.8362 0.2602
vn -0.4828 0.8362 -0.2602
vn -0.4323 0.7488 -0.5024
vn -0.3522 0.6100 -0.7098
vn -0.2480 0.4295 -0.8684
vn -0.1269 0.2197 -0.9673
vn 0.0027 -0.0047 -1.0000
vn 0.1319 -0.2285 -0.9646
vn 0.2520 -0.4365 -0.8637
vn 0.3549 -0.6147 -0.7044
vn 0.4337 -0.7512 -0.4977
vn 0.4831 -0.8368 -0.2575
vn 0.5882 -0.7666 0.2575
vn 0.5280 -0.6881 0.4977
vn 0.4321 -0.5631 0.7044
vn 0.3068 -0.3999 0.8637
vn 0.1606 -0.2093 0.9646
vn 0.0033 -0.0043 1.0000
vn -0.1545 0.2013 0.9673
vn -0.3019 0.3934 0.8684
vn -0.4288 0.5588 0.7098
vn -0.5264 0.6860 0.5024
vn -0.5878 0.7660 0.2602
vn -0.5878 0.7660 -0.2602
vn -0.5264 0.6860 -0.5024
vn -0.4288 0.5588 -0.7098
vn -0.3019 0.3934 -0.8684
vn -0.1545 0.2013 -0.9673
vn 0.0033 -0.0043 -1.0000
vn 0.1606 -0.2093 -0.9646
vn 0.3068 -0.3999 -0.8637
vn 0.4321 -0.5631 -0.7044
vn 0.5280 -0.6881 -0.4977
vn 0.5882 -0.7666 -0.2575
vn 0.6833 -0.6833 0.2575
vn 0.6133 -0.6133 0.4977
vn 0.5019 -0.5019 0.7044
vn 0.3564 -0.3564 0.8637
vn 0.1866 -0.1866 0.9646
vn 0.0038 -0.0038 1.0000
vn -0.1794 0.1794 0.9673
vn -0.3507 0.3507 0.8684
vn -0.4981 0.4981 0.7098
vn -0.6114 0.6114 0.5024
vn -0.6828 0.6828 0.2602
vn -0.6828 0.6828 -0.2602
vn -0.6114 0.6114 -0.5024
vn -0.4981 0.4981 -0.7098
vn -0.3507 0.3507 -0.8684
vn -0.1794 0.1794 -0.9673
vn 0.0038 -0.0038 -1.0000
vn 0.1866 -0.1866 -0.9646
vn 0.3564 -0.3564 -0.8637
vn 0.5019 -0.5019 -0.7044
vn 0.6133 -0.6133 -0.4977
vn 0.6833 -0.6833 -0.2575
vn 0.7666 -0.5882 0.2575
vn 0.6881 -0.5280 0.4977
vn 0.5631 -0.4321 0.7044
vn 0.3999 -0.3068 0.8637
vn 0.2093 -0.1606 0.9646
vn 0.0043 -0.0033 1.0000
vn -0.2013 0.1545 0.9673
vn -0.3934 0.3019 0.8684
vn -0.5588 0.4288 0.7098
vn -0.6860 0.5264 0.5024
vn -0.7660 0.5878 0.2602
vn -0.7660 0.5878 -0.2602
vn -0.6860 0.5264 -0.5024
vn -0.5588 0.4288 -0.7098
vn -0.3934 0.3019 -0.8684
vn -0.2013 0.1545 -0.9673
vn 0.0043 -0.0033 -1.0000
vn 0.2093 -0.1606 -0.9646
vn 0.3999 -0.3068 -0.8637
vn 0.5631 -0.4321 -0.7044
vn 0.6881 -0.5280 -0.4977
vn 0.7666 -0.5882 -0.2575
vn 0.8368 -0.4831 0.2575
vn 0.7512 -0.4337 0.4977
vn 0.6147 -0.3549 0.7044
vn 0.4365 -0.2520 0.8637
vn 0.2285 -0.1319 0.9646
vn 0.0047 -0.0027 1.0000
vn -0.2197 0.1269 0.9673
vn -0.4295 0.2480 0.8684
vn -0.6100 0.3522 0.7098
vn -0.7488 0.4323 0.5024
vn -0.8362 0.4828 0.2602
vn -0.8362 0.4828 -0.2602
vn -0.7488 0.4323 -0.5024
vn -0.6100 0.3522 -0.7098
vn -0.4295 0.2480 -0.8684
vn -0.2197 0.1269 -0.9673
vn 0.0047 -0.0027 -1.0000
vn 0.2285 -0.1319 -0.9646
vn 0.4365 -0.2520 -0.8637
vn 0.6147 -0.3549 -0.7044
vn 0.7512 -0.4337 -0.4977
vn 0.8368 -0.4831 -0.2575
vn 0.8927 -0.3698 0.2575
vn 0.8013 -0.3319 0.4977
vn 0.6558 -0.2716 0.7044
vn 0.4657 -0.1929 0.8637
vn 0.2438 -0.1010 0.9646
vn 0.0050 -0.0021 1.0000
vn -0.2344 0.0971 0.9673
vn -0.4582 0.1898 0.8684
vn -0.6508 0.2696 0.7098
vn -0.7988 0.3309 0.5024
vn -0.8921 0.3695 0.2602
vn -0.8921 0.3695 -0.2602
vn -0.7988 0.3309 -0.5024
vn -0.6508 0.2696 -0.7098
vn -0.4582 0.1898 -0.8684
vn -0.2344 0.0971 -0.9673
vn 0.0050 -0.0021 -1.0000
vn 0.2438 -0.1010 -0.9646
vn 0.4657 -0.1929 -0.8637
vn 0.6558 -0.2716 -0.7044
vn 0.8013 -0.3319 -0.4977
vn 0.8927 -0.3698 -0.2575
vn 0.9334 -0.2501 0.2575
vn 0.8378 -0.2245 0.4977
vn 0.6856 -0.1837 0.7044
vn 0.4869 -0.1305 0.8637
vn 0.2549 -0.0683 0.9646
vn 0.0052 -0.0014 1.0000
vn -0.2451 0.0657 0.9673
vn -0.4790 0.1283 0.8684
vn -0.6804 0.1823 0.7098
vn -0.8352 0.2238 0.5024
vn -0.9327 0.2499 0.2602
vn -0.9327 0.2499 -0.2602
vn -0.8352 0.2238 -0.5024
vn -0.6804 0.1823 -0.7098
vn -0.4790 0.1283 -0.8684
vn -0.2451 0.0657 -0.9673
vn 0.0052 -0.0014 -1.0000
vn 0.2549 -0.0683 -0.9646
vn 0.4869 -0.1305 -0.8637
vn 0.6856 -0.1837 -0.7044
vn 0.8378 -0.2245 -0.4977
vn 0.9334 -0.2501 -0.2575
vn 0.9580 -0.1261 0.2575
vn 0.8600 -0.1132 0.4977
vn 0.7037 -0.0926 0.7044
vn 0.4997 -0.0658 0.8637
vn 0.2616 -0.0344 0.9646
vn 0.0054 -0.0007 1.0000
vn -0.2516 0.0331 0.9673
vn -0.4917 0.0647 0.8684
vn -0.6983 0.0919 0.7098
vn -0.8573 0.1129 0.5024
vn -0.9573 0.1260 0.2602
vn -0.9573 0.1260 -0.2602
vn -0.8573 0.1129 -0.5024
vn -0.6983 0.0919 -0.7098
vn -0.4917 0.0647 -0.8684
vn -0.2516 0.0331 -0.9673
vn 0.0054 -0.0007 -1.0000
vn 0.2616 -0.0344 -0.9646
vn 0.4997 -0.0658 -0.8637
vn 0.7037 -0.0926 -0.7044
vn 0.8600 -0.1132 -0.4977
vn 0.9580 -0.1261 -0.2575
vn 0.9663 -0.0000 0.2575
vn 0.8674 -0.0000 0.4977
vn 0.7098 -0.0000 0.7044
vn 0.5041 -0.0000 0.8637
vn 0.2639 -0.0000 0.9646
vn 0.0054 -0.0000 1.0000
vn -0.2537 -0.0000 0.9673
vn -0.4959 -0.0000 0.8684
vn -0.7044 -0.0000 0.7098
vn -0.8647 -0.0000 0.5024
vn -0.9656 -0.0000 0.2602
vn -0.9656 -0.0000 -0.2602
vn -0.8647 -0.0000 -0.5024
vn -0.7044 -0.0000 -0.7098
vn -0.4959 -0.0000 -0.8684
vn -0.2537 -0.0000 -0.9673
vn 0.0054 -0.0000 -1.0000
vn 0.2639 -0.0000 -0.9646
vn 0.5041 -0.0000 -0.8637
vn 0.7098 -0.0000 -0.7044
vn 0.8674 -0.0000 -0.4977
vn 0.9663 -0.0000 -0.2575
vn 0.9580 0.1261 0.2575
vn 0.8600 0.1132 0.4977
vn 0.7037 0.0926 0.7044
vn 0.4997 0.0658 0.8637
vn 0.2616 0.0344 0.9646
vn 0.0054 0.0007 1.0000
vn -0.2516 -0.0331 0.9673
vn -0.4917 -0.0647 0.8684
vn -0.6983 -0.0919 0.7098
vn -0.8573 -0.1129 0.5024
vn -0.9573 -0.1260 0.2602
vn -0.9573 -0.1260 -0.2602
vn -0.8573 -0.1129 -0.5024
vn -0.6983 -0.0919 -0.7098
vn -0.4917 -0.0647 -0.8684
vn -0.2516 -0.0331 -0.9673
vn 0.0054 0.0007 -1.0000
vn 0.2616 0.0344 -0.9646
vn 0.4997 0.0658 -0.8637
vn 0.7037 0.0926 -0.7044
vn 0.8600 0.1132 -0.4977
vn 0.9580 0.1261 -0.2575
vn 0.9334 0.2501 0.2575
vn 0.8378 0.2245 0.4977
vn 0.6856 0.1837 0.7044
vn 0.4869 0.1305 0.8637
vn 0.2549 0.0683 0.9646
vn 0.0052 0.0014 1.0000
vn -0.2451 -0.0657 0.9673
vn -0.4790 -0.1283 0.8684
vn -0.6804 -0.1823 0.7098
vn -0.8352 -0.2238 0.5024
vn -0.9327 -0.2499 0.2602
vn -0.9327 -0.2499 -0.2602
vn -0.8352 -0.2238 -0.5024
vn -0.6804 -0.1823 -0.7098
vn -0.4790 -0.1283 -0.8684
vn -0.2451 -0.0657 -0.9673
vn 0.0052 0.0014 -1.0000
vn 0.2549 0.0683 -0.9646
vn 0.4869 0.1305 -0.8637
vn 0.6856 0.1837 -0.7044
vn 0.8378 0.2245 -0.4977
vn 0.9334 0.2501 -0.2575
vn 0.8927 0.3698 0.2575
vn 0.8013 0.3319 0.4977
vn 0.6558 0.2716 0.7044
vn 0.4657 0.1929 0.8637
vn 0.2438 0.1010 0.9646
vn 0.0050 0.0021 1.0000
vn -0.2344 -0.0971 0.9673
vn -0.4582 -0.1898 0.8684
vn -0.6508 -0.2696 0.7098
vn -0.7988 -0.3309 0.5024
vn -0.8921 -0.3695 0.2602
vn -0.8921 -0.3695 -0.2602
vn -0.7988 -0.3309 -0.5024
vn -0.6508 -0.2696 -0.7098
vn -0.4582 -0.1898 -0.8684
vn -0.2344 -0.0971 -0.9673
vn 0.0050 0.0021 -1.0000
vn 0.2438 0.1010 -0.9646
vn 0.4657 0.1929 -0.8637
vn 0.6558 0.2716 -0.7044
vn 0.8013 0.3319 -0.4977
vn 0.8927 0.3698 -0.2575
vn 0.8368 0.4831 0.2575
vn 0.7512 0.4337 0.4977
vn 0.6147 0.3549 0.7044
vn 0.4365 0.2520 0.8637
vn 0.2285 0.1319 0.9646
vn 0.0047 0.0027 1.0000
vn -0.2197 -0.1269 0.9673
vn -0.4295 -0.2480 0.8684
vn -0.6100 -0.3522 0.7098
vn -0.7488 -0.4323 0.5024
vn -0.8362 -0.4828 0.2602
vn -0.8362 -0.4828 -0.2602
vn -0.7488 -0.4323 -0.5024
vn -0.6100 -0.3522 -0.7098
vn -0.4295 -0.2480 -0.8684
vn -0.2197 -0.1269 -0.9673
vn 0.0047 0.0027 -1.0000
vn 0.2285 0.1319 -0.9646
vn 0.4365 0.2520 -0.8637
vn 0.6147 0.3549 -0.7044
vn 0.7512 0.4337 -0.4977
vn 0.8368 0.4831 -0.2575
vn 0.7666 0.5882 0.2575
vn 0.6881 0.5280 0.4977
vn 0.5631 0.4321 0.7044
vn 0.3999 0.3068 0.8637
vn 0.2093 0.1606 0.9646
vn 0.0043 0.0033 1.0000
vn -0.2013 -0.1545 0.9673
vn -0.3934 -0.3019 0.8684
vn -0.5588 -0.4288 0.7098
vn -0.6860 -0.5264 0.5024
vn -0.7660 -0.5878 0.2602
vn -0.7660 -0.5878 -0.2602
vn -0.6860 -0.5264 -0.5024
vn -0.5588 -0.4288 -0.7098
vn -0.3934 -0.3019 -0.8684
vn -0.2013 -0.1545 -0.9673
vn 0.0043 0.0033 -1.0000
vn 0.2093 0.1606 -0.9646
vn 0.3999 0.3068 -0.8637
vn 0.5631 0.4321 -0.7044
vn 0.6881 0.5280 -0.4977
vn 0.7666 0.5882 -0.2575
vn 0.6833 0.6833 0.2575
vn 0.6133 0.6133 0.4977
vn 0.5019 0.5019 0.7044
vn 0.3564 0.3564 0.8637
vn 0.1866 0.1866 0.9646
vn 0.0038 0.0038 1.0000
vn -0.1794 -0.1794 0.9673
vn -0.3507 -0.3507 0.8684
vn -0.4981 -0.4981 0.7098
vn -0.6114 -0.6114 0.5024
vn -0.6828 -0.6828 0.2602
vn -0.6828 -0.6828 -0.2602
vn -0.6114 -0.6114 -0.5024
vn -0.4981 -0.4981 -0.7098
vn -0.3507 -0.3507 -0.8684
vn -0.1794 -0.1794 -0.9673
vn 0.0038 0.0038 -1.0000
vn 0.1866 0.1866 -0.9646
vn 0.3564 0.3564 -0.8637
vn 0.5019 0.5019 -0.7044
vn 0.6133 0.6133 -0.4977
vn 0.6833 0.6833 -0.2575
vn 0.5882 0.7666 0.2575
vn 0.5280 0.6881 0.4977
vn 0.4321 0.5631 0.7044
vn 0.3068 0.3999 0.8637
vn 0.1606 0.2093 0.9646
vn 0.0033 0.0043 1.0000
vn -0.1545 -0.2013 0.9673
vn -0.3019 -0.3934 0.8684
vn -0.4288 -0.5588 0.7098
vn -0.5264 -0.6860 0.5024
vn -0.5878 -0.7660 0.2602
vn -0.5878 -0.7660 -0.2602
vn -0.5264 -0.6860 -0.5024
vn -0.4288 -0.5588 -0.7098
vn -0.3019 -0.3934 -0.8684
vn -0.1545 -0.2013 -0.9673
vn 0.0033 0.0043 -1.0000
vn 0.1606 0.2093 -0.9646
vn 0.3068 0.3999 -0.8637
vn 0.4321 0.5631 -0.7044
vn 0.5280 0.6881 -0.4977
vn 0.5882 0.7666 -0.2575
vn 0.4831 0.8368 0.2575
vn 0.4337 0.7512 0.4977
vn 0.3549 0.6147 0.7044
vn 0.2520 0.4365 0.8637
vn 0.1319 0.2285 0.9646
vn 0.0027 0.0047 1.0000
vn -0.1269 -0.2197 0.9673
vn -0.2480 -0.4295 0.8684
vn -0.3522 -0.6100 0.7098
vn -0.4323 -0.7488 0.5024
vn -0.4828 -0.8362 0.2602
vn -0.4828 -0.8362 -0.2602
vn -0.4323 -0.7488 -0.5024
vn -0.3522 -0.6100 -0.7098
vn -0.2480 -0.4295 -0.8684
vn -0.1269 -0.2197 -0.9673
vn 0.0027 0.0047 -1.0000
vn 0.1319 0.2285 -0.9646
vn 0.2520 0.4365 -0.8637
vn 0.3549 0.6147 -0.7044
vn 0.4337 0.7512 -0.4977
vn 0.4831 0.8368 -0.2575
vn 0.3698 0.8927 0.2575
vn 0.3319 0.8013 0.4977
vn 0.2716 0.6558 0.7044
vn 0.1929 0.4657 0.8637
vn 0.1010 0.2438 0.9646
vn 0.0021 0.0050 1.0000
vn -0.0971 -0.2344 0.9673
vn -0.1898 -0.4582 0.8684
vn -0.2696 -0.6508 0.7098
vn -0.3309 -0.7988 0.5024
vn -0.3695 -0.8921 0.2602
vn -0.3695 -0.8921 -0.2602
vn -0.3309 -0.7988 -0.5024
vn -0.2696 -0.6508 -0.7098
vn -0.1898 -0.4582 -0.8684
vn -0.0971 -0.2344 -0.9673
vn 0.0021 0.0050 -1.0000
vn 0.1010 0.2438 -0.9646
vn 0.1929 0.4657 -0.8637
vn 0.2716 0.6558 -0.7044
vn 0.3319 0.8013 -0.4977
vn 0.3698 0.8927 -0.2575
vn 0.2501 0.9334 0.2575
vn 0.2245 0.8378 0.4977
vn 0.1837 0.6856 0.7044
vn 0.1305 0.4869 0.8637
vn 0.0683 0.2549 0.9646
vn 0.0014 0.0052 1.0000
vn -0.0657 -0.2451 0.9673
vn -0.1283 -0.4790 0.8684
vn -0.1823 -0.6804 0.7098
vn -0.2238 -0.8352 0.5024
vn -0.2499 -0.9327 0.2602
vn -0.2499 -0.9327 -0.2602
vn -0.2238 -0.8352 -0.5024
vn -0.1823 -0.6804 -0.7098
vn -0.1283 -0.4790 -0.8684
vn -0.0657 -0.2451 -0.9673
vn 0.0014 0.0052 -1.0000
vn 0.0683 0.2549 -0.9646
vn 0.1305 0.4869 -0.8637
vn 0.1837 0.6856 -0.7044
vn 0.2245 0.8378 -0.4977
vn 0.2501 0.9334 -0.2575
vn 0.1261 0.9580 0.2575
vn 0.1132 0.8600 0.4977
vn 0.0926 0.7037 0.7044
vn 0.0658 0.4997 0.8637
vn 0.0344 0.2616 0.9646
vn 0.0007 0.0054 1.0000
vn -0.0331 -0.2516 0.9673
vn -0.0647 -0.4917 0.8684
vn -0.0919 -0.6983 0.7098
vn -0.1129 -0.8573 0.5024
vn -0.1260 -0.9573 0.2602
vn -0.1260 -0.9573 -0.2602
vn -0.1129 -0.8573 -0.5024
vn -0.0919 -0.6983 -0.7098
vn -0.0647 -0.4917 -0.8684
vn -0.0331 -0.2516 -0.9673
vn 0.0007 0.0054 -1.0000
vn 0.0344 0.2616 -0.9646
vn 0.0658 0.4997 -0.8637
vn 0.0926 0.7037 -0.7044
vn 0.1132 0.8600 -0.4977
vn 0.1261 0.9580 -0.2575
s 1
f 1//1 25//25 26//26 2//2
f 2//2 26//26 27//27 3//3
f 3//3 27//27 28//28 4//4
f 4//4 28//28 29//29 5//5
f 5//5 29//29 30//30 6//6
f 6//6 30//30 31//31 7//7
f 7//7 31//31 32//32 8//8
f 8//8 32//32 33//33 9//9
f 9//9 33//33 34//34 10//10
f 10//10 34//34 35//35 11//11
f 11//11 35//35 36//36 12//12
f 12//12 36//36 37//37 13//13
f 13//13 37//37 38//38 14//14
f 14//14 38//38 39//39 15//15
f 15//15 39//39 40//40 16//16
f 16//16 40//40 41//41 17//17
f 17//17 41//41 42//42 18//18
f 18//18 42//42 43//43 19//19
f 19//19 43//43 44//44 20//20
f 20//20 44//44 45//45 21//21
f 21//21 45//45 46//46 22//22
f 22//22 46//46 47//47 23//23
f 23//23 47//47 48//48 24//24
f 24//24 48//48 25//25 1//1
f 25//25 49//49 50//50 26//26
f 26//26 50//50 51//51 27//27
f 27//27 51//51 52//52 28//28
f 28//28 52//52 53//53 29//29
f 29//29 53//53 54//54 30//30
f 30//30 54//54 55//55 31//31
f 31//31 55//55 56//56 32//32
f 32//32 56//56 57//57 33//33
f 33//33 57//57 58//58 34//34
f 34//34 58//58 59//59 35//35
f 35//35 59//59 60//60 36//36
f 36//36 60//60 61//61 37//37
f 37//37 61//61 62//62 38//38
f 38//38 62//62 63//63 39//39
f 39//39 63//63 64//64 40//40
f 40//40 64//64 65//65 41//41
f 41//41 65//65 66//66 42//42
f 42//42 66//66 67//67 43//43
f 43//43 67//67 68//68 44//44
f 44//44 68//68 69//69 45//45
f 45//45 69//69 70//70 46//46
f 46//46 70//70 71//71 47//47
f 47//47 71//71 72//72 48//48
f 48//48 72//72 49//49 25//25
f 49//49 73//73 74//74 50//50
f 50//50 74//74 75//75 51//51
f 51//51 75//75 76//76 52//52
f 52//52 76//76 77//77 53//53
f 53//53 77//77 78//78 54//54
f 54//54 78//78 79//79 55//55
f 55//55 79//79 80//80 56//56
f 56//56 80//80 81//81 57//57
f 57//57 81//81 82//82 58//58
f 58//58 82//82 83//83 59//59
f 59//59 83//83 84//84 60//60
f 60//60 84//84 85//85 61//61
f 61//61 85//85 86//86 62//62
f 62//62 86//86 87//87 63//63
f 63//63 87//87 88//88 64//64
f 64//64 88//88 89//89 65//65
f 65//65 89//89 90//90 66//66
f 66//66 90//90 91//91 67//67
f 67//67 91//91 92//92 68//68
f 68//68 92//92 93//93 69//69
f 69//69 93//93 94//94 70//70
f 70//70 94//94 95//95 71//71
f 71//71 95//95 96//96 72//72
f 72//72 96//96 73//73 49//49
f 73//73 97//97 98//98 74//74
f 74//74 98//98 99//99 75//75
f 75//75 99//99 100//100 76//76
f 76//76 100//100 101//101 77//77
f 77//77 101//101 102//102 78//78
f 78//78 102//102 103//103 79//79
f 79//79 103//103 104//104 80//80
f 80//80 104//104 105//105 81//81
f 81//81 105//105 106//106 82//82
f 82//82 106//106 107//107 83//83
f 83//83 107//107 108//108 84//84
f 84//84 108//108 109//109 85//85
f 85//85 109//109 110//110 86//86
f 86//86 110//110 111//111 87//87
f 87//87 111//111 112//112 88//88
f 88//88 112//112 113//113 89//89
f 89//89 113//113 114//114 90//90
f 90//90 114//114 115//115 91//91
f 91//91 115//115 116//116 92//92
f 92//92 116//116 117//117 93//93
f 93//93 117//117 118//118 94//94
f 94//94 118//118 119//119 95//95
f 95//95 119//119 120//120 96//96
f 96//96 120//120 97//97 73//73
f 97//97 121//121 122//122 98//98
f 98//98 122//122 123//123 99//99
f 99//99 123//123 124//124 100//100
f 100//100 124//124 125//125 101//101
f 101//101 125//125 126//126 102//102
f 102//102 126//126 127//127 103//103
f 103//103 127//127 128//128 104//104
f 104//104 128//128 129//129 105//105
f 105//105 129//129 130//130 106//106
f 106//106 130//130 131//131 107//107
f 107//107 131//131 132//132 108//108
f 108//108 132//132 133//133 109//109
f 109//109 133//133 134//134 110//110
f 110//110 134//134 135//135 111//111
f 111//111 135//135 136//136 112//112
f 112//112 136//136 137//137 113//113
f 113//113 137//137 138//138 114//114
f 114//114 138//138 139//139 115//115
f 115//115 139//139 140//140 116//116
f 116//116 140//140 141//141 117//117
f 117//117 141//141 142//142 118//118
f 118//118 142//142 143//143 119//119
f 119//119 143//143 144//144 120//120
f 120//120 144//144 121//121 97//97
f 121//121 145//145 146//146 122//122
f 122//122 146//146 147//147 123//123
f 123//123 147//147 148//148 124//124
f 124//124 148//148 149//149 125//125
f 125//125 149//149 150//150 126//126
f 126//126 150//150 151//151 127//127
f 127//127 151//151 152//152 128//128
f 128//128 152//152 153//153 129//129
f 129//129 153//153 154//154 130//130
f 130//130 154//154 155//155 131//131
f 131//131 155//155 156//156 132//132
f 132//132 156//156 157//157 133//133
f 133//133 157//157 158//158 134//134
f 134//134 158//158 159//159 135//135
f 135//135 159//159 160//160 136//136
f 136//136 160//160 161//161 137//137
f 137//137 161//161 162//162 138//138
f 138//138 162//162 163//163 139//139
f 139//139 163//163 164//164 140//140
f 140//140 164//164 165//165 141//141
f 141//141 165//165 166//166 142//142
f 142//142 166//166 167//167 143//143
f 143//143 167//167 168//168 144//144
f 144//144 168//168 145//145 121//121
f 145//145 169//169 170//170 146//146
f 146//146 170//170 171//171 147//147
f 147//147 171//171 172//172 148//148
f 148//148 172//172 173//173 149//149
f 149//149 173//173 174//174 150//150
f 150//150 174//174 175//175 151//151
f 151//151 175//175 176//176 152//152
f 152//152 176//176 177//177 153//153
f 153//153 177//177 178//178 154//154
f 154//154 178//178 179//179 155//155
f 155//155 179//179 180//180 156//156
f 156//156 180//180 181//181 157//157
f 157//157 181//181 182//182 158//158
f 158//158 182//182 183//183 159//159
f 159//159 183//183 184//184 160//160
f 160//160 184//184 185//185 161//161
f 161//161 185//185 186//186 162//162
f 162//162 186//186 187//187 163//163
f 163//163 187//187 188//188 164//164
f 164//164 188//188 189//189 165//165
f 165//165 189//189 190//190 166//166
f 166//166 190//190 191//191 167//167
f 167//167 191//191 192//192 168//168
f 168//168 192//192 169//169 145//145
f 169//169 193//193 194//194 170//170
f 170//170 194//194 195//195 171//171
f 171//171 195//195 196//196 172//172
f 172//172 196//196 197//197 173//173
f 173//173 197//197 198//198 174//174
f 174//174 198//198 199//199 175//175
f 175//175 199//199 200//200 176//176
f 176//176 200//200 201//201 177//177
f 177//177 201//201 202//202 178//178
f 178//178 202//202 203//203 179//179
f 179//179 203//203 204//204 180//180
f 180//180 204//204 205//205 181//181
f 181//181 205//205 206//206 182//182
f 182//182 206//206 207//207 183//183
f 183//183 207//207 208//208 184//184
f 184//184 208//208 209//209 185//185
f 185//185 209//209 210//210 186//186
f 186//186 210//210 211//211 187//187
f 187//187 211//211 212//212 188//188
f 188//188 212//212 213//213 189//189
f 189//189 213//213 214//214 190//190
f 190//190 214//214 215//215 191//191
f 191//191 215//215 216//216 192//192
f 192//192 216//216 193//193 169//169
f 193//193 217//217 218//218 194//194
f 194//194 218//218 219//219 195//195
f 195//195 219//219 220//220 196//196
f 196//196 220//220 221//221 197//197
f 197//197 221//221 222//222 198//198
f 198//198 222//222 223//223 199//199
f 199//199 223//223 224//224 200//200
f 200//200 224//224 225//225 201//201
f 201//201 225//225 226//226 202//202
f 202//202 226//226 227//227 203//203
f 203//203 227//227 228//228 204//204
f 204//204 228//228 229//229 205//205
f 205//205 229//229 230//230 206//206
f 206//206 230//230 231//231 207//207
f 207//207 231//231 232//232 208//208
f 208//208 232//232 233//233 209//209
f 209//209 233//233 234//234 210//210
f 210//210 234//234 235//235 211//211
f 211//211 235//235 236//236 212//212
f 212//212 236//236 237//237 213//213
f 213//213 237//237 238//238 214//214
f 214//214 238//238 239//239 215//215
f 215//215 239//239 240//240 216//216
f 216//216 240//240 217//217 193//193
f 217//217 241//241 242//242 218//218
f 218//218 242//242 243//243 219//219
f 219//219 243//243 244//244 220//220
f 220//220 244//244 245//245 221//221
f 221//221 245//245 246//246 222//222
f 222//222 246//246 247//247 223//223
f 223//223 247//247 248//248 224//224
f 224//224 248//248 249//249 225//225
f 225//225 249//249 250//250 226//226
f 226//226 250//250 251//251 227//227
f 227//227 251//251 252//252 228//228
f 228//228 252//252 253//253 229//229
f 229//229 253//253 254//254 230//230
f 230//230 254//254 255//255 231//231
f 231//231 255//255 256//256 232//232
f 232//232 256//256 257//257 233//233
f 233//233 257//257 258//258 234//234
f 234//234 258//258 259//259 235//235
f 235//235 259//259 260//260 236//236
f 236//236 260//260 261//261 237//237
f 237//237 261//261 262//262 238//238
f 238//238 262//262 263//263 239//239
f 239//239 263//263 264//264 240//240
f 240//240 264//264 241//241 217//217
f 241//241 265//265 266//266 242//242
f 242//242 266//266 267//267 243//243
f 243//243 267//267 268//268 244//244
f 244//244 268//268 269//269 245//245
f 245//245 269//269 270//270 246//246
f 246//246 270//270 271//271 247//247
f 247//247 271//271 272//272 248//248
f 248//248 272//272 273//273 249//249
f 249//249 273//273 274//274 250//250
f 250//250 274//274 275//275 251//251
f 251//251 275//275 276//276 252//252
f 252//252 276//276 277//277 253//253
f 253//253 277//277 278//278 254//254
f 254//254 278//278 279//279 255//255
f 255//255 279//279 280//280 256//256
f 256//256 280//280 281//281 257//257
f 257//257 281//281 282//282 258//258
f 258//258 282//282 283//283 259//259
f 259//259 283//283 284//284 260//260
f 260//260 284//284 285//285 261//261
f 261//261 285//285 286//286 262//262
f 262//262 286//286 287//287 263//263
f 263//263 287//287 288//288 264//264
f 264//264 288//288 265//265 241//241
f 265//265 289//289 290//290 266//266
f 266//266 290//290 291//291 267//267
f 267//267 291//291 292//292 268//268
f 268//268 292//292 293//293 269//269
f 269//269 293//293 294//294 270//270
f 270//270 294//294 295//295 271//271
f 271//271 295//295 296//296 272//272
f 272//272 296//296 297//297 273//273
f 273//273 297//297 298//298 274//274
f 274//274 298//298 299//299 275//275
f 275//275 299//299 300//300 276//276
f 276//276 300//300 301//301 277//277
f 277//277 301//301 302//302 278//278
f 278//278 302//302 303//303 279//279
f 279//279 303//303 304//304 280//280
f 280//280 304//304 305//305 281//281
f 281//281 305//305 306//306 282//282
f 282//282 306//306 307//307 283//283
f 283//283 307//307 308//308 284//284
f 284//284 308//308 309//309 285//285
f 285//285 309//309 310//310 286//286
f 286//286 310//310 311//311 287//287
f 287//287 311//311 312//312 288//288
f 288//288 312//312 289//289 265//265
f 289//289 313//313 314//314 290//290
f 290//290 314//314 315//315 291//291
f 291//291 315//315 316//316 292//292
f 292//292 316//316 317//317 293//293
f 293//293 317//317 318//318 294//294
f 294//294 318//318 319//319 295//295
f 295//295 319//319 320//320 296//296
f 296//296 320//320 321//321 297//297
f 297//297 321//321 322//322 298//298
f 298//298 322//322 323//323 299//299
f 299//299 323//323 324//324 300//300
f 300//300 324//324 325//325 301//301
f 301//301 325//325 326//326 302//302
f 302//302 326//326 327//327 303//303
f 303//303 327//327 328//328 304//304
f 304//304 328//328 329//329 305//305
f 305//305 329//329 330//330 306//306
f 306//306 330//330 331//331 307//307
f 307//307 331//331 332//332 308//308
f 308//308 332//332 333//333 309//309
f 309//309 333//333 334//334 310//310
f 310//310 334//334 335//335 311//311
f 311//311 335//335 336//336 312//312
f 312//312 336//336 313//313 289//289
f 313//313 337//337 338//338 314//314
f 314//314 338//338 339//339 315//315
f 315//315 339//339 340//340 316//316
f 316//316 340//340 341//341 317//317
f 317//317 341//341 342//342 318//318
f 318//318 342//342 343//343 319//319
f 319//319 343//343 344//344 320//320
f 320//320 344//344 345//345 321//321
f 321//321 345//345 346//346 322//322
f 322//322 346//346 347//347 323//323
f 323//323 347//347 348//348 324//324
f 324//324 348//348 349//349 325//325
f 325//325 349//349 350//350 326//326
f 326//326 350//350 351//351 327//327
f 327//327 351//351 352//352 328//328
f 328//328 352//352 353//353 329//329
f 329//329 353//353 354//354 330//330
f 330//330 354//354 355//355 331//331
f 331//331 355//355 356//356 332//332
f 332//332 356//356 357//357 333//333
f 333//333 357//357 358//358 334//334
f 334//334 358//358 359//359 335//335
f 335//335 359//359 360//360 336//336
f 336//336 360//360 337//337 313//313
f 337//337 361//361 362//362 338//338
f 338//338 362//362 363//363 339//339
f 339//339 363//363 364//364 340//340
f 340//340 364//364 365//365 341//341
f 341//341 365//365 366//366 342//342
f 342//342 366//366 367//367 343//343
f 343//343 367//367 368//368 344//344
f 344//344 368//368 369//369 345//345
f 345//345 369//369 370//370 346//346
f 346//346 370//370 371//371 347//347
f 347//347 371//371 372//372 348//348
f 348//348 372//372 373//373 349//349
f 349//349 373//373 374//374 350//350
f 350//350 374//374 375//375 351//351
f 351//351 375//375 376//376 352//352
f 352//352 376//376 377//377 353//353
f 353//353 377//377 378//378 354//354
f 354//354 378//378 379//379 355//355
f 355//355 379//379 380//380 356//356
f 356//356 380//380 381//381 357//357
f 357//357 381//381 382//382 358//358
f 358//358 382//382 383//383 359//359
f 359//359 383//383 384//384 360//360
f 360//360 384//384 361//361 337//337
f 361//361 385//385 386//386 362//362
f 362//362 386//386 387//387 363//363
f 363//363 387//387 388//388 364//364
f 364//364 388//388 389//389 365//365
f 365//365 389//389 390//390 366//366
f 366//366 390//390 391//391 367//367
f 367//367 391//391 392//392 368//368
f 368//368 392//392 393//393 369//369
f 369//369 393//393 394//394 370//370
f 370//370 394//394 395//395 371//371
f 371//371 395//395 396//396 372//372
f 372//372 396//396 397//397 373//373
f 373//373 397//397 398//398 374//374
f 374//374 398//398 399//399 375//375
f 375//375 399//399 400//400 376//376
f 376//376 400//400 401//401 377//377
f 377//377 401//401 402//402 378//378
f 378//378 402//402 403//403 379//379
f 379//379 403//403 404//404 380//380
f 380//380 404//404 405//405 381//381
f 381//381 405//405 406//406 382//382
f 382//382 406//406 407//407 383//383
f 383//383 407//407 408//408 384//384
f 384//384 408//408 385//385 361//361
f 385//385 409//409 410//410 386//386
f 386//386 410//410 411//411 387//387
f 387//387 411//411 412//412 388//388
f 388//388 412//412 413//413 389//389
f 389//389 413//413 414//414 390//390
f 390//390 414//414 415//415 391//391
f 391//391 415//415 416//416 392//392
f 392//392 416//416 417//417 393//393
f 393//393 417//417 418//418 394//394
f 394//394 418//418 419//419 395//395
f 395//395 419//419 420//420 396//396
f 396//396 420//420 421//421 397//397
f 397//397 421//421 422//422 398//398
f 398//398 422//422 423//423 399//399
f 399//399 423//423 424//424 400//400
f 400//400 424//424 425//425 401//401
f 401//401 425//425 426//426 402//402
f 402//402 426//426 427//427 403//403
f 403//403 427//427 428//428 404//404
f 404//404 428//428 429//429 405//405
f 405//405 429//429 430//430 406//406
f 406//406 430//430 431//431 407//407
f 407//407 431//431 432//432 408//408
f 408//408 432//432 409//409 385//385
f 409//409 433//433 434//434 410//410
f 410//410 434//434 435//435 411//411
f 411//411 435//435 436//436 412//412
f 412//412 436//436 437//437 413//413
f 413//413 437//437 438//438 414//414
f 414//414 438//438 439//439 415//415
f 415//415 439//439 440//440 416//416
f 416//416 440//440 441//441 417//417
f 417//417 441//441 442//442 418//418
f 418//418 442//442 443//443 419//419
f 419//419 443//443 444//444 420//420
f 420//420 444//444 445//445 421//421
f 421//421 445//445 446//446 422//422
f 422//422 446//446 447//447 423//423
f 423//423 447//447 448//448 424//424
f 424//424 448//448 449//449 425//425
f 425//425 449//449 450//450 426//426
f 426//426 450//450 451//451 427//427
f 427//427 451//451 452//452 428//428
f 428//428 452//452 453//453 429//429
f 429//429 453//453 454//454 430//430
f 430//430 454//454 455//455 431//431
f 431//431 455//455 456//456 432//432
f 432//432 456//456 433//433 409//409
f 433//433 457//457 458//458 434//434
f 434//434 458//458 459//459 435//435
f 435//435 459//459 460//460 436//436
f 436//436 460//460 461//461 437//437
f 437//437 461//461 462//462 438//438
f 438//438 462//462 463//463 439//439
f 439//439 463//463 464//464 440//440
f 440//440 464//464 465//465 441//441
f 441//441 465//465 466//466 442//442
f 442//442 466//466 467//467 443//443
f 443//443 467//467 468//468 444//444
f 444//444 468//468 469//469 445//445
f 445//445 469//469 470//470 446//446
f 446//446 470//470 471//471 447//447
f 447//447 471//471 472//472 448//448
f 448//448 472//472 473//473 449//449
f 449//449 473//473 474//474 450//450
f 450//450 474//474 475//475 451//451
f 451//451 475//475 476//476 452//452
f 452//452 476//476 477//477 453//453
f 453//453 477//477 478//478 454//454
f 454//454 478//478 479//479 455//455
f 455//455 479//479 480//480 456//456
f 456//456 480//480 457//457 433//433
f 457//457 481//481 482//482 458//458
f 458//458 482//482 483//483 459//459
f 459//459 483//483 484//484 460//460
f 460//460 484//484 485//485 461//461
f 461//461 485//485 486//486 462//462
f 462//462 486//486 487//487 463//463
f 463//463 487//487 488//488 464//464
f 464//464 488//488 489//489 465//465
f 465//465 489//489 490//490 466//466
f 466//466 490//490 491//491 467//467
f 467//467 491//491 492//492 468//468
f 468//468 492//492 493//493 469//469
f 469//469 493//493 494//494 470//470
f 470//470 494//494 495//495 471//471
f 471//471 495//495 496//496 472//472
f 472//472 496//496 497//497 473//473
f 473//473 497//497 498//498 474//474
f 474//474 498//498 499//499 475//475
f 475//475 499//499 500//500 476//476
f 476//476 500//500 501//501 477//477
f 477//477 501//501 502//502 478//478
f 478//478 502//502 503//503 479//479
f 479//479 503//503 504//504 480//480
f 480//480 504//504 481//481 457//457
f 481//481 505//505 506//506 482//482
f 482//482 506//506 507//507 483//483
f 483//483 507//507 508//508 484//484
f 484//484 508//508 509//509 485//485
f 485//485 509//509 510//510 486//486
f 486//486 510//510 511//511 487//487
f 487//487 511//511 512//512 488//488
f 488//488 512//512 513//513 489//489
f 489//489 513//513 514//514 490//490
f 490//490 514//514 515//515 491//491
f 491//491 515//515 516//516 492//492
f 492//492 516//516 517//517 493//493
f 493//493 517//517 518//518 494//494
f 494//494 518//518 519//519 495//495
f 495//495 519//519 520//520 496//496
f 496//496 520//520 521//521 497//497
f 497//497 521//521 522//522 498//498
f 498//498 522//522 523//523 499//499
f 499//499 523//523 524//524 500//500
f 500//500 524//524 525//525 501//501
f 501//501 525//525 526//526 502//502
f 502//502 526//526 527//527 503//503
f 503//503 527//527 528//528 504//504
f 504//504 528//528 505//505 481//481
f 505//505 529//529 530//530 506//506
f 506//506 530//530 531//531 507//507
f 507//507 531//531 532//532 508//508
f 508//508 532//532 533//533 509//509
f 509//509 533//533 534//534 510//510
f 510//510 534//534 535//535 511//511
f 511//511 535//535 536//536 512//512
f 512//512 536//536 537//537 513//513
f 513//513 537//537 538//538 514//514
f 514//514 538//538 539//539 515//515
f 515//515 539//539 540//540 516//516
f 516//516 540//540 541//541 517//517
f 517//517 541//541 542//542 518//518
f 518//518 542//542 543//543 519//519
f 519//519 543//543 544//544 520//520
f 520//520 544//544 545//545 521//521
f 521//521 545//545 546//546 522//522
f 522//522 546//546 547//547 523//523
f 523//523 547//547 548//548 524//524
f 524//524 548//548 549//549 525//525
f 525//525 549//549 550//550 526//526
f 526//526 550//550 551//551 527//527
f 527//527 551//551 552//552 528//528
f 528//528 552//552 529//529 505//505
f 529//529 553//553 554//554 530//530
f 530//530 554//554 555//555 531//531
f 531//531 555//555 556//556 532//532
f 532//532 556//556 557//557 533//533
f 533//533 557//557 558//558 534//534
f 534//534 558//558 559//559 535//535
f 535//535 559//559 560//560 536//536
f 536//536 560//560 561//561 537//537
f 537//537 561//561 562//562 538//538
f 538//538 562//562 563//563 539//539
f 539//539 563//563 564//564 540//540
f 540//540 564//564 565//565 541//541
f 541//541 565//565 566//566 542//542
f 542//542 566//566 567//567 543//543
f 543//543 567//567 568//568 544//544
f 544//544 568//568 569//569 545//545
f 545//545 569//569 570//570 546//546
f 546//546 570//570 571//571 547//547
f 547//547 571//571 572//572 548//548
f 548//548 572//572 573//573 549//549
f 549//549 573//573 574//574 550//550
f 550//550 574//574 575//575 551//551
f 551//551 575//575 576//576 552//552
f 552//552 576//576 553//553 529//529
f 553//553 577//13 578//577 554//554
f 554//554 578//577 579//578 555//555
f 555//555 579//578 580//579 556//556
f 556//556 580//579 581//580 557//557
f 557//557 581//580 582//581 558//558
f 558//558 582//581 583//582 559//559
f 559//559 583//582 584//583 560//560
f 560//560 584//583 585//584 561//561
f 561//561 585//584 586//585 562//562
f 562//562 586//585 587//586 563//563
f 563//563 587//586 588//587 564//564
f 564//564 588//587 589//1 565//565
f 565//565 589//1 590//588 566//566
f 566//566 590//588 591//589 567//567
f 567//567 591//589 592//590 568//568
f 568//568 592//590 593//591 569//569
f 569//569 593//591 594//592 570//570
f 570//570 594//592 595//593 571//571
f 571//571 595//593 596//594 572//572
f 572//572 596//594 597//595 573//573
f 573//573 597//595 598//596 574//574
f 574//574 598//596 599//597 575//575
f 575//575 599//597 600//598 576//576
f 576//576 600//598 577//13 553//553
f 577//13 601//37 602//599 578//577
f 578//577 602//599 603//600 579//578
f 579//578 603//600 604//601 580//579
f 580//579 604//601 605//602 581//580
f 581//580 605//602 606//603 582//581
f 582//581 606//603 607//604 583//582
f 583//582 607//604 608//605 584//583
f 584//583 608//605 609//606 585//584
f 585//584 609//606 610//607 586//585
f 586//585 610//607 611//608 587//586
f 587//586 611//608 612//609 588//587
f 588//587 612//609 613//25 589//1
f 589//1 613//25 614//610 590//588
f 590//588 614//610 615//611 591//589
f 591//589 615//611 616//612 592//590
f 592//590 616//612 617//613 593//591
f 593//591 617//613 618//614 594//592
f 594//592 618//614 619//615 595//593
f 595//593 619//615 620//616 596//594
f 596//594 620//616 621//617 597//595
f 597//595 621//617 622//618 598//596
f 598//596 622//618 623//619 599//597
f 599//597 623//619 624//620 600//598
f 600//598 624//620 601//37 577//13
f 601//37 625//61 626//621 602//599
f 602//599 626//621 627//622 603//600
f 603//600 627//622 628//623 604//601
f 604//601 628//623 629//624 605//602
f 605//602 629//624 630//625 606//603
f 606//603 630//625 631//626 607//604
f 607//604 631//626 632//627 608//605
f 608//605 632//627 633//628 609//606
f 609//606 633//628 634//629 610//607
f 610//607 634//629 635//630 611//608
f 611//608 635//630 636//631 612//609
f 612//609 636//631 637//49 613//25
f 613//25 637//49 638//632 614//610
f 614//610 638//632 639//633 615//611
f 615//611 639//633 640//634 616//612
f 616//612 640//634 641//635 617//613
f 617//613 641//635 642//636 618//614
f 618//614 642//636 643//637 619//615
f 619//615 643//637 644//638 620//616
f 620//616 644//638 645//639 621//617
f 621//617 645//639 646//640 622//618
f 622//618 646//640 647//641 623//619
f 623//619 647//641 648//642 624//620
f 624//620 648//642 625//61 601//37
f 625//61 649//85 650//643 626//621
f 626//621 650//643 651//644 627//622
f 627//622 651//644 652//645 628//623
f 628//623 652//645 653//646 629//624
f 629//624 653//646 654//647 630//625
f 630//625 654//647 655//648 631//626
f 631//626 655//648 656//649 632//627
f 632//627 656//649 657//650 633//628
f 633//628 657//650 658//651 634//629
f 634//629 658//651 659//652 635//630
f 635//630 659//652 660//653 636//631
f 636//631 660//653 661//73 637//49
f 637//49 661//73 662//654 638//632
f 638//632 662//654 663//655 639//633
f 639//633 663//655 664//656 640//634
f 640//634 664//656 665//657 641//635
f 641//635 665//657 666//658 642//636
f 642//636 666//658 667//659 643//637
f 643//637 667//659 668//660 644//638
f 644//638 668//660 669//661 645//639
f 645//639 669//661 670//662 646//640
f 646//640 670//662 671//663 647//641
f 647//641 671//663 672//664 648//642
f 648//642 672//664 649//85 625//61
f 649//85 673//109 674//665 650//643
f 650//643 674//665 675//666 651//644
f 651//644 675//666 676//667 652//645
f 652//645 676//667 677//668 653//646
f 653//646 677//668 678//669 654//647
f 654//647 678//669 679//670 655//648
f 655//648 679//670 680//671 656//649
f 656//649 680//671 681//672 657//650
f 657//650 681//672 682//673 658//651
f 658//651 682//673 683//674 659//652
f 659//652 683//674 684//675 660//653
f 660//653 684//675 685//97 661//73
f 661//73 685//97 686//676 662//654
f 662//654 686//676 687//677 663//655
f 663//655 687//677 688//678 664//656
f 664//656 688//678 689//679 665//657
f 665//657 689//679 690//680 666//658
f 666//658 690//680 691//681 667//659
f 667//659 691//681 692//682 668//660
f 668//660 692//682 693//683 669//661
f 669//661 693//683 694//684 670//662
f 670//662 694//684 695//685 671//663
f 671//663 695//685 696//686 672//664
f 672//664 696//686 673//109 649//85
f 673//109 697//133 698//687 674//665
f 674//665 698//687 699//688 675//666
f 675//666 699//688 700//689 676//667
f 676//667 700//689 701//690 677//668
f 677//668 701//690 702//691 678//669
f 678//669 702//691 703//692 679//670
f 679//670 703//692 704//693 680//671
f 680//671 704//693 705//694 681//672
f 681//672 705//694 706//695 682//673
f 682//673 706//695 707//696 683//674
f 683//674 707//696 708//697 684//675
f 684//675 708//697 709//121 685//97
f 685//97 709//121 710//698 686//676
f 686//676 710//698 711//699 687//677
f 687//677 711//699 712//700 688//678
f 688//678 712//700 713//701 689//679
f 689//679 713//701 714//702 690//680
f 690//680 714//702 715//703 691//681
f 691//681 715//703 716//704 692//682
f 692//682 716//704 717//705 693//683
f 693//683 717//705 718//706 694//684
f 694//684 718//706 719//707 695//685
f 695//685 719//707 720//708 696//686
f 696//686 720//708 697//133 673//109
f 697//133 721//157 722//709 698//687
f 698//687 722//709 723//710 699//688
f 699//688 723//710 724//711 700//689
f 700//689 724//711 725//712 701//690
f 701//690 725//712 726//713 702//691
f 702//691 726//713 727//714 703//692
f 703//692 727//714 728//715 704//693
f 704//693 728//715 729//716 705//694
f 705//694 729//716 730//717 706//695
f 706//695 730//717 731//718 707//696
f 707//696 731//718 732//719 708//697
f 708//697 732//719 733//145 709//121
f 709//121 733//145 734//720 710//698
f 710//698 734//720 735//721 711//699
f 711//699 735//721 736//722 712//700
f 712//700 736//722 737//723 713//701
f 713//701 737//723 738//724 714//702
f 714//702 738//724 739//725 715//703
f 715//703 739//725 740//726 716//704
f 716//704 740//726 741//727 717//705
f 717//705 741//727 742//728 718//706
f 718//706 742//728 743//729 719//707
f 719//707 743//729 744//730 720//708
f 720//708 744//730 721//157 697//133
f 721//157 745//181 746//731 722//709
f 722//709 746//731 747//732 723//710
f 723//710 747//732 748//733 724//711
f 724//711 748//733 749//734 725//712
f 725//712 749//734 750//735 726//713
f 726//713 750//735 751//736 727//714
f 727//714 751//736 752//737 728//715
f 728//715 752//737 753//738 729//716
f 729//716 753//738 754//739 730//717
f 730//717 754//739 755//740 731//718
f 731//718 755//740 756//741 732//719
f 732//719 756//741 757//169 733//145
f 733//145 757//169 758//742 734//720
f 734//720 758//742 759//743 735//721
f 735//721 759//743 760//744 736//722
f 736//722 760//744 761//745 737//723
f 737//723 761//745 762//746 738//724
f 738//724 762//746 763//747 739//725
f 739//725 763//747 764//748 740//726
f 740//726 764//748 765//749 741//727
f 741//727 765//749 766//750 742//728
f 742//728 766//750 767//751 743//729
f 743//729 767//751 768//752 744//730
f 744//730 768//752 745//181 721//157
f 745//181 769//205 770//753 746//731
f 746//731 770//753 771//754 747//732
f 747//732 771//754 772//755 748//733
f 748//733 772//755 773//756 749//734
f 749//734 773//756 774//757 750//735
f 750//735 774//757 775//758 751//736
f 751//736 775//758 776//759 752//737
f 752//737 776//759 777//760 753//738
f 753//738 777//760 778//761 754//739
f 754//739 778//761 779//762 755//740
f 755//740 779//762 780//763 756//741
f 756//741 780//763 781//193 757//169
f 757//169 781//193 782//764 758//742
f 758//742 782//764 783//765 759//743
f 759//743 783//765 784//766 760//744
f 760//744 784//766 785//767 761//745
f 761//745 785//767 786//768 762//746
f 762//746 786//768 787//769 763//747
f 763//747 787//769 788//770 764//748
f 764//748 788//770 789//771 765//749
f 765//749 789//771 790//772 766//750
f 766//750 790//772 791//773 767//751
f 767//751 791//773 792//774 768//752
f 768//752 792//774 769//205 745//181
f 769//205 793//229 794//775 770//753
f 770//753 794//775 795//776 771//754
f 771//754 795//776 796//777 772//755
f 772//755 796//777 797//778 773//756
f 773//756 797//778 798//779 774//757
f 774//757 798//779 799//780 775//758
f 775//758 799//780 800//781 776//759
f 776//759 800//781 801//782 777//760
f 777//760 801//782 802//783 778//761
f 778//761 802//783 803//784 779//762
f 779//762 803//784 804//785 780//763
f 780//763 804//785 805//217 781//193
f 781//193 805//217 806//786 782//764
f 782//764 806//786 807//787 783//765
f 783//765 807//787 808//788 784//766
f 784//766 808//788 809//789 785//767
f 785//767 809//789 810//790 786//768
f 786//768 810//790 811//791 787//769
f 787//769 811//791 812//792 788//770
f 788//770 812//792 813//793 789//771
f 789//771 813//793 814//794 790//772
f 790//772 814//794 815//795 791//773
f 791//773 815//795 816//796 792//774
f 792//774 816//796 793//229 769//205
f 793//229 817//253 818//797 794//775
f 794//775 818//797 819//798 795//776
f 795//776 819//798 820//799 796//777
f 796//777 820//799 821//800 797//778
f 797//778 821//800 822//801 798//779
f 798//779 822//801 823//802 799//780
f 799//780 823//802 824//803 800//781
f 800//781 824//803 825//804 801//782
f 801//782 825//804 826//805 802//783
f 802//783 826//805 827//806 803//784
f 803//784 827//806 828//807 804//785
f 804//785 828//807 829//241 805//217
f 805//217 829//241 830//808 806//786
f 806//786 830//808 831//809 807//787
f 807//787 831//809 832//810 808//788
f 808//788 832//810 833//811 809//789
f 809//789 833//811 834//812 810//790
f 810//790 834//812 835//813 811//791
f 811//791 835//813 836//814 812//792
f 812//792 836//814 837//815 813//793
f 813//793 837//815 838//816 814//794
f 814//794 838//816 839//817 815//795
f 815//795 839//817 840//818 816//796
f 816//796 840//818 817//253 793//229
f 817//253 841//277 842//819 818//797
f 818//797 842//819 843//820 819//798
f 819//798 843//820 844//821 820//799
f 820//799 844//821 845//822 821//800
f 821//800 845//822 846//823 822//801
f 822//801 846//823 847//824 823//802
f 823//802 847//824 848//825 824//803
f 824//803 848//825 849//826 825//804
f 825//804 849//826 850//827 826//805
f 826//805 850//827 851//828 827//806
f 827//806 851//828 852//829 828//807
f 828//807 852//829 853//265 829//241
f 829//241 853//265 854//830 830//808
f 830//808 854//830 855//831 831//809
f 831//809 855//831 856//832 832//810
f 832//810 856//832 857//833 833//811
f 833//811 857//833 858//834 834//812
f 834//812 858//834 859//835 835//813
f 835//813 859//835 860//836 836//814
f 836//814 860//836 861//837 837//815
f 837//815 861//837 862//838 838//816
f 838//816 862//838 863//839 839//817
f 839//817 863//839 864//840 840//818
f 840//818 864//840 841//277 817//253
f 841//277 865//301 866//841 842//819
f 842//819 866//841 867//842 843//820
f 843//820 867//842 868//843 844//821
f 844//821 868//843 869//844 845//822
f 845//822 869//844 870//845 846//823
f 846//823 870//845 871//846 847//824
f 847//824 871//846 872//847 848//825
f 848//825 872//847 873//848 849//826
f 849//826 873//848 874//849 850//827
f 850//827 874//849 875//850 851//828
f 851//828 875//850 876//851 852//829
f 852//829 876//851 877//289 853//265
f 853//265 877//289 878//852 854//830
f 854//830 878//852 879//853 855//831
f 855//831 879//853 880//854 856//832
f 856//832 880//854 881//855 857//833
f 857//833 881//855 882//856 858//834
f 858//834 882//856 883//857 859//835
f 859//835 883//857 884//858 860//836
f 860//836 884//858 885//859 861//837
f 861//837 885//859 886//860 862//838
f 862//838 886//860 887//861 863//839
f 863//839 887//861 888//862 864//840
f 864//840 888//862 865//301 841//277
f 865//301 889//325 890//863 866//841
f 866//841 890//863 891//864 867//842
f 867//842 891//864 892//865 868//843
f 868//843 892//865 893//866 869//844
f 869//844 893//866 894//867 870//845
f 870//845 894//867 895//868 871//846
f 871//846 895//868 896//869 872//847
f 872//847 896//869 897//870 873//848
f 873//848 897//870 898//871 874//849
f 874//849 898//871 899//872 875//850
f 875//850 899//872 900//873 876//851
f 876//851 900//873 901//313 877//289
f 877//289 901//313 902//874 878//852
f 878//852 902//874 903//875 879//853
f 879//853 903//875 904//876 880//854
f 880//854 904//876 905//877 881//855
f 881//855 905//877 906//878 882//856
f 882//856 906//878 907//879 883//857
f 883//857 907//879 908//880 884//858
f 884//858 908//880 909//881 885//859
f 885//859 909//881 910//882 886//860
f 886//860 910//882 911//883 887//861
f 887//861 911//883 912//884 888//862
f 888//862 912//884 889//325 865//301
f 889//325 913//349 914//885 890//863
f 890//863 914//885 915//886 891//864
f 891//864 915//886 916//887 892//865
f 892//865 916//887 917//888 893//866
f 893//866 917//888 918//889 894//867
f 894//867 918//889 919//890 895//868
f 895//868 919//890 920//891 896//869
f 896//869 920//891 921//892 897//870
f 897//870 921//892 922//893 898//871
f 898//871 922//893 923//894 899//872
f 899//872 923//894 924//895 900//873
f 900//873 924//895 925//337 901//313
f 901//313 925//337 926//896 902//874
f 902//874 926//896 927//897 903//875
f 903//875 927//897 928//898 904//876
f 904//876 928//898 929//899 905//877
f 905//877 929//899 930//900 906//878
f 906//878 930//900 931//901 907//879
f 907//879 931//901 932//902 908//880
f 908//880 932//902 933//903 909//881
f 909//881 933//903 934//904 910//882
f 910//882 934//904 935//905 911//883
f 911//883 935//905 936//906 912//884
f 912//884 936//906 913//349 889//325
f 913//349 937//373 938//907 914//885
f 914//885 938//907 939//908 915//886
f 915//886 939//908 940//909 916//887
f 916//887 940//909 941//910 917//888
f 917//888 941//910 942//911 918//889
f 918//889 942//911 943//912 919//890
f 919//890 943//912 944//913 920//891
f 920//891 944//913 945//914 921//892
f 921//892 945//914 946//915 922//893
f 922//893 946//915 947//916 923//894
f 923//894 947//916 948//917 924//895
f 924//895 948//917 949//361 925//337
f 925//337 949//361 950//918 926//896
f 926//896 950//918 951//919 927//897
f 927//897 951//919 952//920 928//898
f 928//898 952//920 953//921 929//899
f 929//899 953//921 954//922 930//900
f 930//900 954//922 955//923 931//901
f 931//901 955//923 956//924 932//902
f 932//902 956//924 957//925 933//903
f 933//903 957//925 958//926 934//904
f 934//904 958//926 959//927 935//905
f 935//905 959//927 960//928 936//906
f 936//906 960//928 937//373 913//349
f 937//373 961//397 962//929 938//907
f 938//907 962//929 963//930 939//908
f 939//908 963//930 964//931 940//909
f 940//909 964//931 965//932 941//910
f 941//910 965//932 966//933 942//911
f 942//911 966//933 967//934 943//912
f 943//912 967//934 968//935 944//913
f 944//913 968//935 969//936 945//914
f 945//914 969//936 970//937 946//915
f 946//915 970//937 971//938 947//916
f 947//916 971//938 972//939 948//917
f 948//917 972//939 973//385 949//361
f 949//361 973//385 974//940 950//918
f 950//918 974//940 975//941 951//919
f 951//919 975//941 976//942 952//920
f 952//920 976//942 977//943 953//921
f 953//921 977//943 978//944 954//922
f 954//922 978//944 979//945 955//923
f 955//923 979//945 980//946 956//924
f 956//924 980//946 981//947 957//925
f 957//925 981//947 982//948 958//926
f 958//926 982//948 983//949 959//927
f 959//927 983//949 984//950 960//928
f 960//928 984//950 961//397 937//373
f 961//397 985//421 986//951 962//929
f 962//929 986//951 987//952 963//930
f 963//930 987//952 988//953 964//931
f 964//931 988//953 989//954 965//932
f 965//932 989//954 990//955 966//933
f 966//933 990//955 991//956 967//934
f 967//934 991//956 992//957 968//935
f 968//935 992//957 993//958 969//936
f 969//936 993//958 994//959 970//937
f 970//937 994//959 995//960 971//938
f 971//938 995//960 996//961 972//939
f 972//939 996//961 997//409 973//385
f 973//385 997//409 998//962 974//940
f 974//940 998//962 999//963 975//941
f 975//941 999//963 1000//964 976//942
f 976//942 1000//964 1001//965 977//943
f 977//943 1001//965 1002//966 978//944
f 978//944 1002//966 1003//967 979//945
f 979//945 1003//967 1004//968 980//946
f 980//946 1004//968 1005//969 981//947
f 981//947 1005//969 1006//970 982//948
f 982//948 1006//970 1007//971 983//949
f 983//949 1007//971 1008//972 984//950
f 984//950 1008//972 985//421 961//397
f 985//421 1009//445 1010//973 986//951
f 986//951 1010//973 1011//974 987//952
f 987//952 1011//974 1012//975 988//953
f 988//953 1012//975 1013//976 989//954
f 989//954 1013//976 1014//977 990//955
f 990//955 1014//977 1015//978 991//956
f 991//956 1015//978 1016//979 992//957
f 992//957 1016//979 1017//980 993//958
f 993//958 1017//980 1018//981 994//959
f 994//959 1018//981 1019//982 995//960
f 995//960 1019//982 1020//983 996//961
f 996//961 1020//983 1021//433 997//409
f 997//409 1021//433 1022//984 998//962
f 998//962 1022//984 1023//985 999//963
f 999//963 1023//985 1024//986 1000//964
f 1000//964 1024//986 1025//987 1001//965
f 1001//965 1025//987 1026//988 1002//966
f 1002//966 1026//988 1027//989 1003//967
f 1003//967 1027//989 1028//990 1004//968
f 1004//968 1028//990 1029//991 1005//969
f 1005//969 1029//991 1030//992 1006//970
f 1006//970 1030//992 1031//993 1007//971
f 1007//971 1031//993 1032//994 1008//972
f 1008//972 1032//994 1009//445 985//421
f 1009//445 1033//469 1034//995 1010//973
f 1010//973 1034//995 1035//996 1011//974
f 1011//974 1035//996 1036//997 1012//975
f 1012//975 1036//997 1037//998 1013//976
f 1013//976 1037//998 1038//999 1014//977
f 1014//977 1038//999 1039//1000 1015//978
f 1015//978 1039//1000 1040//1001 1016//979
f 1016//979 1040//1001 1041//1002 1017//980
f 1017//980 1041//1002 1042//1003 1018//981
f 1018//981 1042//1003 1043//1004 1019//982
f 1019//982 1043//1004 1044//1005 1020//983
f 1020//983 1044//1005 1045//457 1021//433
f 1021//433 1045//457 1046//1006 1022//984
f 1022//984 1046//1006 1047//1007 1023//985
f 1023//985 1047//1007 1048//1008 1024//986
f 1024//986 1048//1008 1049//1009 1025//987
f 1025//987 1049//1009 1050//1010 1026//988
f 1026//988 1050//1010 1051//1011 1027//989
f 1027//989 1051//1011 1052//1012 1028//990
f 1028//990 1052//1012 1053//1013 1029//991
f 1029//991 1053//1013 1054//1014 1030//992
f 1030//992 1054//1014 1055//1015 1031//993
f 1031//993 1055//1015 1056//1016 1032//994
f 1032//994 1056//1016 1033//469 1009//445
f 1033//469 1057//493 1058//1017 1034//995
f 1034//995 1058//1017 1059//1018 1035//996
f 1035//996 1059//1018 1060//1019 1036//997
f 1036//997 1060//1019 1061//1020 1037//998
f 1037//998 1061//1020 1062//1021 1038//999
f 1038//999 1062//1021 1063//1022 1039//1000
f 1039//1000 1063//1022 1064//1023 1040//1001
f 1040//1001 1064//1023 1065//1024 1041//1002
f 1041//1002 1065//1024 1066//1025 1042//1003
f 1042//1003 1066//1025 1067//1026 1043//1004
f 1043//1004 1067//1026 1068//1027 1044//1005
f 1044//1005 1068//1027 1069//481 1045//457
f 1045//457 1069//481 1070//1028 1046//1006
f 1046//1006 1070//1028 1071//1029 1047//1007
f 1047//1007 1071//1029 1072//1030 1048//1008
f 1048//1008 1072//1030 1073//1031 1049//1009
f 1049//1009 1073//1031 1074//1032 1050//1010
f 1050//1010 1074//1032 1075//1033 1051//1011
f 1051//1011 1075//1033 1076//1034 1052//1012
f 1052//1012 1076//1034 1077//1035 1053//1013
f 1053//1013 1077//1035 1078//1036 1054//1014
f 1054//1014 1078//1036 1079//1037 1055//1015
f 1055//1015 1079//1037 1080//1038 1056//1016
f 1056//1016 1080//1038 1057//493 1033//469
f 1057//493 1081//517 1082//1039 1058//1017
f 1058//1017 1082//1039 1083//1040 1059//1018
f 1059//1018 1083//1040 1084//1041 1060//1019
f 1060//1019 1084//1041 1085//1042 1061//1020
f 1061//1020 1085//1042 1086//1043 1062//1021
f 1062//1021 1086//1043 1087//1044 1063//1022
f 1063//1022 1087//1044 1088//1045 1064//1023
f 1064//1023 1088//1045 1089//1046 1065//1024
f 1065//1024 1089//1046 1090//1047 1066//1025
f 1066//1025 1090//1047 1091//1048 1067//1026
f 1067//1026 1091//1048 1092//1049 1068//1027
f 1068//1027 1092//1049 1093//505 1069//481
f 1069//481 1093//505 1094//1050 1070//1028
f 1070//1028 1094//1050 1095//1051 1071//1029
f 1071//1029 1095//1051 1096//1052 1072//1030
f 1072//1030 1096//1052 1097//1053 1073//1031
f 1073//1031 1097//1053 1098//1054 1074//1032
f 1074//1032 1098//1054 1099//1055 1075//1033
f 1075//1033 1099//1055 1100//1056 1076//1034
f 1076//1034 1100//1056 1101//1057 1077//1035
f 1077//1035 1101//1057 1102//1058 1078//1036
f 1078//1036 1102//1058 1103//1059 1079//1037
f 1079//1037 1103//1059 1104//1060 1080//1038
f 1080//1038 1104//1060 1081//517 1057//493
f 1081//517 1105//541 1106//1061 1082//1039
f 1082//1039 1106//1061 1107//1062 1083//1040
f 1083//1040 1107//1062 1108//1063 1084//1041
f 1084//1041 1108//1063 1109//1064 1085//1042
f 1085//1042 1109//1064 1110//1065 1086//1043
f 1086//1043 1110//1065 1111//1066 1087//1044
f 1087//1044 1111//1066 1112//1067 1088//1045
f 1088//1045 1112//1067 1113//1068 1089//1046
f 1089//1046 1113//1068 1114//1069 1090//1047
f 1090//1047 1114//1069 1115//1070 1091//1048
f 1091//1048 1115//1070 1116//1071 1092//1049
f 1092//1049 1116//1071 1117//529 1093//505
f 1093//505 1117//529 1118//1072 1094//1050
f 1094//1050 1118//1072 1119//1073 1095//1051
f 1095//1051 1119//1073 1120//1074 1096//1052
f 1096//1052 1120//1074 1121//1075 1097//1053
f 1097//1053 1121//1075 1122//1076 1098//1054
f 1098//1054 1122//1076 1123//1077 1099//1055
f 1099//1055 1123//1077 1124//1078 1100//1056
f 1100//1056 1124//1078 1125//1079 1101//1057
f 1101//1057 1125//1079 1126//1080 1102//1058
f 1102//1058 1126//1080 1127//1081 1103//1059
f 1103//1059 1127//1081 1128//1082 1104//1060
f 1104//1060 1128//1082 1105//541 1081//517
f 1105//541 1129//565 1130//1083 1106//1061
f 1106//1061 1130//1083 1131//1084 1107//1062
f 1107//1062 1131//1084 1132//1085 1108//1063
f 1108//1063 1132//1085 1133//1086 1109//1064
f 1109//1064 1133//1086 1134//1087 1110//1065
f 1110//1065 1134//1087 1135//1088 1111//1066
f 1111//1066 1135//1088 1136//1089 1112//1067
f 1112//1067 1136//1089 1137//1090 1113//1068
f 1113//1068 1137//1090 1138//1091 1114//1069
f 1114//1069 1138//1091 1139//1092 1115//1070
f 1115//1070 1139//1092 1140//1093 1116//1071
f 1116//1071 1140//1093 1141//553 1117//529
f 1117//529 1141//553 1142//1094 1118//1072
f 1118//1072 1142//1094 1143//1095 1119//1073
f 1119//1073 1143//1095 1144//1096 1120//1074
f 1120//1074 1144//1096 1145//1097 1121//1075
f 1121//1075 1145//1097 1146//1098 1122//1076
f 1122//1076 1146//1098 1147//1099 1123//1077
f 1123//1077 1147//1099 1148//1100 1124//1078
f 1124//1078 1148//1100 1149//1101 1125//1079
f 1125//1079 1149//1101 1150//1102 1126//1080
f 1126//1080 1150//1102 1151//1103 1127//1081
f 1127//1081 1151//1103 1152//1104 1128//1082
f 1128//1082 1152//1104 1129//565 1105//541
f 1129//565 1//1 2//2 1130//1083
f 1130//1083 2//2 3//3 1131//1084
f 1131//1084 3//3 4//4 1132//1085
f 1132//1085 4//4 5//5 1133//1086
f 1133//1086 5//5 6//6 1134//1087
f 1134//1087 6//6 7//7 1135//1088
f 1135//1088 7//7 8//8 1136//1089
f 1136//1089 8//8 9//9 1137//1090
f 1137//1090 9//9 10//10 1138//1091
f 1138//1091 10//10 11//11 1139//1092
f 1139//1092 11//11 12//12 1140//1093
f 1140//1093 12//12 13//13 1141//553
f 1141//553 13//13 14//14 1142//1094
f 1142//1094 14//14 15//15 1143//1095
f 1143//1095 15//15 16//16 1144//1096
f 1144//1096 16//16 17//17 1145//1097
f 1145//1097 17//17 18//18 1146//1098
f 1146//1098 18//18 19//19 1147//1099
f 1147//1099 19//19 20//20 1148//1100
f 1148//1100 20//20 21//21 1149//1101
f 1149//1101 21//21 22//22 1150//1102
f 1150//1102 22//22 23//23 1151//1103
f 1151//1103 23//23 24//24 1152//1104
f 1152//1104 24//24 1//1 1129//565
